Time [s],T1,T2,T3,T4,T5
0.000000000,0,0,0,0,0
0.032439875,0,0,0,1,0
0.032881625,0,0,0,0,0
0.082917792,0,0,0,1,0
0.083353500,0,0,0,0,0
0.133397500,0,1,0,0,0
0.133515625,0,0,0,0,0
0.133526500,1,0,0,0,0
0.155486500,0,0,0,0,0
0.155500250,0,0,1,0,0
0.155612625,0,0,0,0,0
0.155630500,0,0,0,1,0
0.156066167,0,0,0,0,0
0.156083042,0,0,0,0,1
0.211598167,0,0,0,0,0
0.211616042,0,0,0,1,0
0.212057792,0,0,0,0,0
0.234362125,0,0,0,1,0
0.234797792,0,0,0,0,0
0.284844875,0,0,0,1,0
0.285280542,0,0,0,0,0
0.335317042,0,0,0,1,0
0.335758792,0,0,0,0,0
0.385805875,0,0,0,1,0
0.386241542,0,0,0,0,0
0.436277750,0,0,0,1,0
0.436713417,0,0,0,0,0
0.486760500,0,0,0,1,0
0.487202250,0,0,0,0,0
0.537243250,0,0,0,1,0
0.537685000,0,0,0,0,0
0.587721500,0,0,0,1,0
0.588157167,0,0,0,0,0
0.638201500,1,0,0,0,0
0.699085417,0,0,0,0,0
0.699096000,0,1,0,0,0
0.699211750,0,0,0,0,0
0.699225500,0,0,1,0,0
0.699340667,0,0,0,0,0
0.699358542,0,0,0,1,0
0.699794250,0,0,0,0,0
0.699811125,0,0,0,0,1
0.755295917,0,0,0,0,0
0.755313792,0,0,0,1,0
0.755755542,0,0,0,0,0
0.789643375,0,0,0,1,0
0.790079042,0,0,0,0,0
0.840126125,0,0,0,1,0
0.840567875,0,0,0,0,0
0.890598292,0,0,0,1,0
0.891040042,0,0,0,0,0
0.941087125,0,0,0,1,0
0.941522792,0,0,0,0,0
0.991559000,0,0,0,1,0
0.991994667,0,0,0,0,0
1.042041750,0,0,0,1,0
1.042483500,0,0,0,0,0
1.092519667,0,0,0,1,0
1.092955375,0,0,0,0,0
1.143000000,1,0,0,0,0
1.203883917,0,0,0,0,0
1.203894500,0,1,0,0,0
1.204011500,0,0,0,0,0
1.204025250,0,0,1,0,0
1.204140750,0,0,0,0,0
1.204158625,0,0,0,1,0
1.204594292,0,0,0,0,0
1.204611167,0,0,0,0,1
1.260121000,0,0,0,0,0
1.260138875,0,0,0,1,0
1.260580625,0,0,0,0,0
1.294446667,0,0,0,1,0
1.294882375,0,0,0,0,0
1.344918542,0,0,0,1,0
1.345360292,0,0,0,0,0
1.395401292,0,0,0,1,0
1.395843042,0,0,0,0,0
1.445879542,0,0,0,1,0
1.446315250,0,0,0,0,0
1.496362292,0,0,0,1,0
1.496798000,0,0,0,0,0
1.546845042,0,0,0,1,0
1.547286792,0,0,0,0,0
1.597323000,0,0,0,1,0
1.597758667,0,0,0,0,0
1.647798125,0,0,0,0,1
1.703307000,0,0,0,0,0
1.703317875,1,0,0,0,0
1.725372875,0,0,0,0,0
1.725383417,0,1,0,0,0
1.725499667,0,0,0,0,0
1.725513417,0,0,1,0,0
1.725628625,0,0,0,0,0
1.725646500,0,0,0,1,0
1.726082167,0,0,0,0,0
1.748762625,0,0,0,1,0
1.749198292,0,0,0,0,0
1.799245375,0,0,0,1,0
1.799681042,0,0,0,0,0
1.849717250,0,0,0,1,0
1.850159000,0,0,0,0,0
1.900200000,0,0,0,1,0
1.900641750,0,0,0,0,0
1.950677917,0,0,0,1,0
1.951113625,0,0,0,0,0
2.001161000,0,0,0,1,0
2.001596667,0,0,0,0,0
2.051643750,0,0,0,1,0
2.052085500,0,0,0,0,0
2.102121667,0,0,0,1,0
2.102557375,0,0,0,0,0
2.152601667,1,0,0,0,0
2.213489792,0,0,0,0,0
2.213500375,0,1,0,0,0
2.213611625,0,0,0,0,0
2.213625375,0,0,1,0,0
2.213740667,0,0,0,0,0
2.213758542,0,0,0,1,0
2.214194250,0,0,0,0,0
2.214211125,0,0,0,0,1
2.269715917,0,0,0,0,0
2.269733792,0,0,0,1,0
2.270175542,0,0,0,0,0
2.304041625,0,0,0,1,0
2.304477292,0,0,0,0,0
2.354524375,0,0,0,1,0
2.354966125,0,0,0,0,0
2.405007125,0,0,0,1,0
2.405448875,0,0,0,0,0
2.455485042,0,0,0,1,0
2.455920750,0,0,0,0,0
2.505956917,0,0,0,1,0
2.506392625,0,0,0,0,0
2.556440000,0,0,0,1,0
2.556881750,0,0,0,0,0
2.606917917,0,0,0,1,0
2.607353625,0,0,0,0,0
2.657397625,0,1,0,0,0
2.657515750,0,0,0,0,0
2.657526625,1,0,0,0,0
2.718410542,0,0,0,0,0
2.718424292,0,0,1,0,0
2.718540875,0,0,0,0,0
2.718558750,0,0,0,1,0
2.718994417,0,0,0,0,0
2.719011292,0,0,0,0,1
2.774541417,0,0,0,0,0
2.774559292,0,0,0,1,0
2.775001042,0,0,0,0,0
2.808845375,0,0,0,1,0
2.809281042,0,0,0,0,0
2.859317250,0,0,0,1,0
2.859752917,0,0,0,0,0
2.909800000,0,0,0,1,0
2.910241750,0,0,0,0,0
2.960277917,0,0,0,1,0
2.960713625,0,0,0,0,0
3.010760667,0,0,0,1,0
3.011196375,0,0,0,0,0
3.061243750,0,0,0,1,0
3.061685500,0,0,0,0,0
3.111721667,0,0,0,1,0
3.112157375,0,0,0,0,0
3.162201667,1,0,0,0,0
3.184162750,0,0,0,0,0
3.184173292,0,1,0,0,0
3.184291750,0,0,0,0,0
3.184305500,0,0,1,0,0
3.184420792,0,0,0,0,0
3.184438667,0,0,0,1,0
3.184874375,0,0,0,0,0
3.184891250,0,0,0,0,1
3.240420125,0,0,0,0,0
3.240438000,0,0,0,1,0
3.240879750,0,0,0,0,0
3.263167125,0,0,0,1,0
3.263608875,0,0,0,0,0
3.313645042,0,0,0,1,0
3.314080750,0,0,0,0,0
3.364117250,0,0,0,1,0
3.364552917,0,0,0,0,0
3.414600000,0,0,0,1,0
3.415041750,0,0,0,0,0
3.465077917,0,0,0,1,0
3.465513625,0,0,0,0,0
3.515560667,0,0,0,1,0
3.515996375,0,0,0,0,0
3.566043417,0,0,0,1,0
3.566485167,0,0,0,0,0
3.616532542,0,0,0,1,0
3.616968250,0,0,0,0,0
3.667001667,1,0,0,0,0
3.727892417,0,0,0,0,0
3.727903000,0,1,0,0,0
3.728019542,0,0,0,0,0
3.728033292,0,0,1,0,0
3.728148625,0,0,0,0,0
3.728166500,0,0,0,1,0
3.728602167,0,0,0,0,0
3.728619042,0,0,0,0,1
3.784118875,0,0,0,0,0
3.784136750,0,0,0,1,0
3.784578500,0,0,0,0,0
3.818444542,0,0,0,1,0
3.818880250,0,0,0,0,0
3.868916417,0,0,0,1,0
3.869352125,0,0,0,0,0
3.919399500,0,0,0,1,0
3.919841250,0,0,0,0,0
3.969877417,0,0,0,1,0
3.970313125,0,0,0,0,0
4.020360167,0,0,0,1,0
4.020795875,0,0,0,0,0
4.070842917,0,0,0,1,0
4.071284667,0,0,0,0,0
4.121325667,0,0,0,1,0
4.121767417,0,0,0,0,0
4.171801167,1,0,0,0,0
4.232692667,0,0,0,0,0
4.232703250,0,1,0,0,0
4.232819500,0,0,0,0,0
4.232833250,0,0,1,0,0
4.232948750,0,0,0,0,0
4.232972667,0,0,0,1,0
4.233408375,0,0,0,0,0
4.233425250,0,0,0,0,1
4.288942542,0,0,0,0,0
4.288960417,0,0,0,1,0
4.289402167,0,0,0,0,0
4.323246500,0,0,0,1,0
4.323682167,0,0,0,0,0
4.373718375,0,0,0,1,0
4.374154042,0,0,0,0,0
4.424201125,0,0,0,1,0
4.424642875,0,0,0,0,0
4.474679375,0,0,0,1,0
4.475115042,0,0,0,0,0
4.525162125,0,0,0,1,0
4.525597792,0,0,0,0,0
4.575644875,0,0,0,1,0
4.576086625,0,0,0,0,0
4.626116750,0,0,0,1,0
4.626558500,0,0,0,0,0
4.676597917,0,0,0,0,1
4.732090542,0,0,0,0,0
4.732101417,1,0,0,0,0
4.754154875,0,0,0,0,0
4.754165417,0,1,0,0,0
4.754283667,0,0,0,0,0
4.754297417,0,0,1,0,0
4.754412625,0,0,0,0,0
4.754430500,0,0,0,1,0
4.754866167,0,0,0,0,0
4.777562292,0,0,0,1,0
4.778004042,0,0,0,0,0
4.828040250,0,0,0,1,0
4.828475917,0,0,0,0,0
4.878523000,0,0,0,1,0
4.878958667,0,0,0,0,0
4.929005750,0,0,0,1,0
4.929447500,0,0,0,0,0
4.979483667,0,0,0,1,0
4.979919375,0,0,0,0,0
5.029966750,0,0,0,1,0
5.030402417,0,0,0,0,0
5.080438625,0,0,0,1,0
5.080880375,0,0,0,0,0
5.130921375,0,0,0,1,0
5.131363125,0,0,0,0,0
5.181399417,0,0,1,0,0
5.181516792,0,0,0,0,0
5.181527667,1,0,0,0,0
5.242418875,0,0,0,0,0
5.242429417,0,1,0,0,0
5.242547542,0,0,0,0,0
5.242565417,0,0,0,1,0
5.243007167,0,0,0,0,0
5.243024042,0,0,0,0,1
5.298523875,0,0,0,0,0
5.298541750,0,0,0,1,0
5.298983500,0,0,0,0,0
5.332838667,0,0,0,1,0
5.333274375,0,0,0,0,0
5.383321417,0,0,0,1,0
5.383757125,0,0,0,0,0
5.433804167,0,0,0,1,0
5.434245917,0,0,0,0,0
5.484286917,0,0,0,1,0
5.484728667,0,0,0,0,0
5.534764875,0,0,0,1,0
5.535200542,0,0,0,0,0
5.585237042,0,0,0,1,0
5.585678792,0,0,0,0,0
5.635719792,0,0,0,1,0
5.636161542,0,0,0,0,0
5.686202000,0,0,0,1,0
5.686637667,0,0,0,0,0
5.686648542,1,0,0,0,0
5.747538667,0,0,0,0,0
5.747549250,0,1,0,0,0
5.747667667,0,0,0,0,0
5.747681417,0,0,1,0,0
5.747796625,0,0,0,0,0
5.747814500,0,0,0,1,0
5.748250167,0,0,0,0,0
5.748267042,0,0,0,0,1
5.803788250,0,0,0,0,0
5.803806125,0,0,0,1,0
5.804241792,0,0,0,0,0
5.837640250,0,0,0,1,0
5.838075917,0,0,0,0,0
5.888123000,0,0,0,1,0
5.888558667,0,0,0,0,0
5.938605750,0,0,0,1,0
5.939047500,0,0,0,0,0
5.989077625,0,0,0,1,0
5.989519375,0,0,0,0,0
6.039566417,0,0,0,1,0
6.040002125,0,0,0,0,0
6.090038292,0,0,0,1,0
6.090474000,0,0,0,0,0
6.140521375,0,0,0,1,0
6.140963125,0,0,0,0,0
6.190999417,0,0,1,0,0
6.191116792,0,0,0,0,0
6.191127667,1,0,0,0,0
6.213093542,0,0,0,0,0
6.213104125,0,1,0,0,0
6.213219750,0,0,0,0,0
6.213237625,0,0,0,1,0
6.213679375,0,0,0,0,0
6.213696250,0,0,0,0,1
6.269230125,0,0,0,0,0
6.269248000,0,0,0,1,0
6.269683667,0,0,0,0,0
6.291966250,0,0,0,1,0
6.292408000,0,0,0,0,0
6.342444167,0,0,0,1,0
6.342879875,0,0,0,0,0
6.392916375,0,0,0,1,0
6.393352042,0,0,0,0,0
6.443399125,0,0,0,1,0
6.443840875,0,0,0,0,0
6.493881875,0,0,0,1,0
6.494323625,0,0,0,0,0
6.544359792,0,0,0,1,0
6.544795500,0,0,0,0,0
6.594842542,0,0,0,1,0
6.595278250,0,0,0,0,0
6.645325625,0,0,0,1,0
6.645767375,0,0,0,0,0
6.695800792,1,0,0,0,0
6.756692292,0,0,0,0,0
6.756702875,0,1,0,0,0
6.756819750,0,0,0,0,0
6.756833500,0,0,1,0,0
6.756948667,0,0,0,0,0
6.756966542,0,0,0,1,0
6.757408292,0,0,0,0,0
6.757425167,0,0,0,0,1
6.812947500,0,0,0,0,0
6.812965375,0,0,0,1,0
6.813401042,0,0,0,0,0
6.847251417,0,0,0,1,0
6.847687125,0,0,0,0,0
6.897723292,0,0,0,1,0
6.898159000,0,0,0,0,0
6.948206375,0,0,0,1,0
6.948648125,0,0,0,0,0
6.998678250,0,0,0,1,0
6.999120000,0,0,0,0,0
7.049167042,0,0,0,1,0
7.049602750,0,0,0,0,0
7.099638917,0,0,0,1,0
7.100074625,0,0,0,0,0
7.150121667,0,0,0,1,0
7.150563417,0,0,0,0,0
7.200600042,0,0,1,0,0
7.200716792,0,0,0,0,0
7.200727667,1,0,0,0,0
7.261618875,0,0,0,0,0
7.261629417,0,1,0,0,0
7.261747542,0,0,0,0,0
7.261765417,0,0,0,1,0
7.262207167,0,0,0,0,0
7.262224042,0,0,0,0,1
7.317728875,0,0,0,0,0
7.317746750,0,0,0,1,0
7.318182417,0,0,0,0,0
7.352037625,0,0,0,1,0
7.352479375,0,0,0,0,0
7.402526417,0,0,0,1,0
7.402962125,0,0,0,0,0
7.452998292,0,0,0,1,0
7.453434000,0,0,0,0,0
7.503481375,0,0,0,1,0
7.503923125,0,0,0,0,0
7.553959292,0,0,0,1,0
7.554395000,0,0,0,0,0
7.604442042,0,0,0,1,0
7.604877750,0,0,0,0,0
7.654924792,0,0,0,1,0
7.655366542,0,0,0,0,0
7.705400000,1,0,0,0,0
7.727455000,0,0,0,0,0
7.727465542,0,1,0,0,0
7.727579625,0,0,0,0,0
7.727593375,0,0,1,0,0
7.727708875,0,0,0,0,0
7.727726750,0,0,0,1,0
7.728168500,0,0,0,0,0
7.728185375,0,0,0,0,1
7.783716417,0,0,0,0,0
7.783734292,0,0,0,1,0
7.784170000,0,0,0,0,0
7.806365875,0,0,0,1,0
7.806807625,0,0,0,0,0
7.856837750,0,0,0,1,0
7.857279500,0,0,0,0,0
7.907326542,0,0,0,1,0
7.907762250,0,0,0,0,0
7.957798417,0,0,0,1,0
7.958234125,0,0,0,0,0
8.008281167,0,0,0,1,0
8.008722917,0,0,0,0,0
8.058759417,0,0,0,1,0
8.059195125,0,0,0,0,0
8.109242167,0,0,0,1,0
8.109677875,0,0,0,0,0
8.159724917,0,0,0,1,0
8.160166667,0,0,0,0,0
8.210207125,0,0,0,1,0
8.210642792,0,0,0,0,0
8.210653667,1,0,0,0,0
8.271537917,0,0,0,0,0
8.271548500,0,1,0,0,0
8.271659542,0,0,0,0,0
8.271673292,0,0,1,0,0
8.271788792,0,0,0,0,0
8.271806667,0,0,0,1,0
8.272242375,0,0,0,0,0
8.272259250,0,0,0,0,1
8.327781542,0,0,0,0,0
8.327799417,0,0,0,1,0
8.328241167,0,0,0,0,0
8.361644417,0,0,0,1,0
8.362086167,0,0,0,0,0
8.412122375,0,0,0,1,0
8.412558042,0,0,0,0,0
8.462605125,0,0,0,1,0
8.463040792,0,0,0,0,0
8.513077000,0,0,0,1,0
8.513518750,0,0,0,0,0
8.563565792,0,0,0,1,0
8.564001500,0,0,0,0,0
8.614038000,0,0,0,1,0
8.614473667,0,0,0,0,0
8.664520750,0,0,0,1,0
8.664962500,0,0,0,0,0
8.715000750,1,0,0,0,0
8.775898167,0,0,0,0,0
8.775908750,0,1,0,0,0
8.776019667,0,0,0,0,0
8.776033417,0,0,1,0,0
8.776148625,0,0,0,0,0
8.776166500,0,0,0,1,0
8.776608250,0,0,0,0,0
8.776625125,0,0,0,0,1
8.832122750,0,0,0,0,0
8.832140625,0,0,0,1,0
8.832576292,0,0,0,0,0
8.866442375,0,0,0,1,0
8.866884125,0,0,0,0,0
8.916920292,0,0,0,1,0
8.917356000,0,0,0,0,0
8.967403042,0,0,0,1,0
8.967838750,0,0,0,0,0
9.017885792,0,0,0,1,0
9.018327542,0,0,0,0,0
9.068363750,0,0,0,1,0
9.068799417,0,0,0,0,0
9.118846500,0,0,0,1,0
9.119282167,0,0,0,0,0
9.169318667,0,0,0,1,0
9.169760417,0,0,0,0,0
9.219798375,0,1,0,0,0
9.219915667,0,0,0,0,0
9.219926542,1,0,0,0,0
9.241932750,0,0,0,0,0
9.241946500,0,0,1,0,0
9.242060750,0,0,0,0,0
9.242078625,0,0,0,1,0
9.242520375,0,0,0,0,0
9.242537250,0,0,0,0,1
9.298051125,0,0,0,0,0
9.298069000,0,0,0,1,0
9.298504667,0,0,0,0,0
9.320765500,0,0,0,1,0
9.321201167,0,0,0,0,0
9.371237375,0,0,0,1,0
9.371679125,0,0,0,0,0
9.421726500,0,0,0,1,0
9.422162167,0,0,0,0,0
9.472198375,0,0,0,1,0
9.472634042,0,0,0,0,0
9.522681125,0,0,0,1,0
9.523122875,0,0,0,0,0
9.573159042,0,0,0,1,0
9.573594750,0,0,0,0,0
9.623641792,0,0,0,1,0
9.624077500,0,0,0,0,0
9.674124542,0,0,0,1,0
9.674566625,0,0,0,0,0
9.724601000,0,0,0,1,0
9.725042750,0,0,0,0,0
9.725053625,1,0,0,0,0
9.785944667,0,0,0,0,0
9.785955250,0,1,0,0,0
9.786067750,0,0,0,0,0
9.786081500,0,0,1,0,0
9.786196792,0,0,0,0,0
9.786214667,0,0,0,1,0
9.786650375,0,0,0,0,0
9.786667250,0,0,0,0,1
9.842198292,0,0,0,0,0
9.842216167,0,0,0,1,0
9.842657917,0,0,0,0,0
9.876039417,0,0,0,1,0
9.876481167,0,0,0,0,0
9.926517375,0,0,0,1,0
9.926953042,0,0,0,0,0
9.977000417,0,0,0,1,0
9.977436125,0,0,0,0,0
10.027483167,0,0,0,1,0
10.027924917,0,0,0,0,0
10.077972000,0,0,0,1,0
10.078407667,0,0,0,0,0
10.128443875,0,0,0,1,0
10.128879542,0,0,0,0,0
10.178926625,0,0,0,1,0
10.179368375,0,0,0,0,0
10.229398917,0,0,1,0,0
10.229516750,0,0,0,0,0
10.229527625,1,0,0,0,0
10.290418667,0,0,0,0,0
10.290429250,0,1,0,0,0
10.290547667,0,0,0,0,0
10.290565542,0,0,0,1,0
10.291007292,0,0,0,0,0
10.291024167,0,0,0,0,1
10.346526500,0,0,0,0,0
10.346544375,0,0,0,1,0
10.346980042,0,0,0,0,0
10.380846125,0,0,0,1,0
10.381287875,0,0,0,0,0
10.431324042,0,0,0,1,0
10.431759750,0,0,0,0,0
10.481806792,0,0,0,1,0
10.482242500,0,0,0,0,0
10.532279000,0,0,0,1,0
10.532720750,0,0,0,0,0
10.582761750,0,0,0,1,0
10.583203500,0,0,0,0,0
10.633239667,0,0,0,1,0
10.633675375,0,0,0,0,0
10.683722417,0,0,0,1,0
10.684158125,0,0,0,0,0
10.734197542,0,0,0,0,1
10.789695000,0,0,0,0,0
10.789705875,1,0,0,0,0
10.811665500,0,0,0,0,0
10.811676042,0,1,0,0,0
10.811787625,0,0,0,0,0
10.811801375,0,0,1,0,0
10.811916875,0,0,0,0,0
10.811934750,0,0,0,1,0
10.812376500,0,0,0,0,0
10.835159625,0,0,0,1,0
10.835595292,0,0,0,0,0
10.885642375,0,0,0,1,0
10.886084125,0,0,0,0,0
10.936120292,0,0,0,1,0
10.936556000,0,0,0,0,0
10.986603042,0,0,0,1,0
10.987038750,0,0,0,0,0
11.037085792,0,0,0,1,0
11.037527542,0,0,0,0,0
11.087558000,0,0,0,1,0
11.087999750,0,0,0,0,0
11.138046792,0,0,0,1,0
11.138482500,0,0,0,0,0
11.188518667,0,0,0,1,0
11.188954375,0,0,0,0,0
11.238998375,0,1,0,0,0
11.239115542,0,0,0,0,0
11.239126417,1,0,0,0,0
11.300016750,0,0,0,0,0
11.300030500,0,0,1,0,0
11.300148792,0,0,0,0,0
11.300166667,0,0,0,1,0
11.300602375,0,0,0,0,0
11.300625292,0,0,0,0,1
11.356110125,0,0,0,0,0
11.356128000,0,0,0,1,0
11.356563667,0,0,0,0,0
11.390440625,0,0,0,1,0
11.390882375,0,0,0,0,0
11.440929417,0,0,0,1,0
11.441365125,0,0,0,0,0
11.491401292,0,0,0,1,0
11.491837000,0,0,0,0,0
11.541884042,0,0,0,1,0
11.542325792,0,0,0,0,0
11.592366792,0,0,0,1,0
11.592808542,0,0,0,0,0
11.642845042,0,0,0,1,0
11.643280750,0,0,0,0,0
11.693316917,0,0,0,1,0
11.693752625,0,0,0,0,0
11.743799792,0,0,1,0,0
11.743916875,0,0,0,0,0
11.743927750,1,0,0,0,0
11.804817750,0,0,0,0,0
11.804828292,0,1,0,0,0
11.804939542,0,0,0,0,0
11.804957417,0,0,0,1,0
11.805393125,0,0,0,0,0
11.805410000,0,0,0,0,1
11.860913667,0,0,0,0,0
11.860931542,0,0,0,1,0
11.861367250,0,0,0,0,0
11.895244167,0,0,0,1,0
11.895685917,0,0,0,0,0
11.945726917,0,0,0,1,0
11.946168667,0,0,0,0,0
11.996204875,0,0,0,1,0
11.996640542,0,0,0,0,0
12.046676750,0,0,0,1,0
12.047118500,0,0,0,0,0
12.097159500,0,0,0,1,0
12.097601250,0,0,0,0,0
12.147637417,0,0,0,1,0
12.148073125,0,0,0,0,0
12.198120500,0,0,0,1,0
12.198556167,0,0,0,0,0
12.248600500,1,0,0,0,0
12.270610250,0,0,0,0,0
12.270620792,0,1,0,0,0
12.270731750,0,0,0,0,0
12.270745500,0,0,1,0,0
12.270860667,0,0,0,0,0
12.270878542,0,0,0,1,0
12.271314250,0,0,0,0,0
12.271331125,0,0,0,0,1
12.326843542,0,0,0,0,0
12.326861417,0,0,0,1,0
12.327297125,0,0,0,0,0
12.349557917,0,0,0,1,0
12.349993625,0,0,0,0,0
12.400040667,0,0,0,1,0
12.400482417,0,0,0,0,0
12.450523750,0,0,0,1,0
12.450965500,0,0,0,0,0
12.501001667,0,0,0,1,0
12.501437375,0,0,0,0,0
12.551484417,0,0,0,1,0
12.551920125,0,0,0,0,0
12.601967167,0,0,0,1,0
12.602408917,0,0,0,0,0
12.652445125,0,0,0,1,0
12.652880792,0,0,0,0,0
12.702917000,0,0,0,1,0
12.703352667,0,0,0,0,0
12.753400167,0,0,1,0,0
12.753516625,0,0,0,0,0
12.753527500,1,0,0,0,0
12.814417500,0,0,0,0,0
12.814428042,0,1,0,0,0
12.814539625,0,0,0,0,0
12.814557500,0,0,0,1,0
12.814993167,0,0,0,0,0
12.815010042,0,0,0,0,1
12.870419667,0,0,0,0,0
12.870437542,0,0,0,1,0
12.870873250,0,0,0,0,0
12.904837167,0,0,0,1,0
12.905278917,0,0,0,0,0
12.955319917,0,0,0,1,0
12.955761667,0,0,0,0,0
13.005798167,0,0,0,1,0
13.006233875,0,0,0,0,0
13.056280917,0,0,0,1,0
13.056716625,0,0,0,0,0
13.106763667,0,0,0,1,0
13.107205417,0,0,0,0,0
13.157241625,0,0,0,1,0
13.157677292,0,0,0,0,0
13.207724375,0,0,0,1,0
13.208160042,0,0,0,0,0
13.258199500,0,0,0,0,1
13.313712125,0,0,0,0,0
13.313723000,1,0,0,0,0
13.374605875,0,0,0,0,0
13.374616417,0,1,0,0,0
13.374731750,0,0,0,0,0
13.374745500,0,0,1,0,0
13.374860667,0,0,0,0,0
13.374878542,0,0,0,1,0
13.375320292,0,0,0,0,0
13.409643125,0,0,0,1,0
13.410084875,0,0,0,0,0
13.460125875,0,0,0,1,0
13.460567625,0,0,0,0,0
13.510603792,0,0,0,1,0
13.511039500,0,0,0,0,0
13.561086875,0,0,0,1,0
13.561522542,0,0,0,0,0
13.611558750,0,0,0,1,0
13.612000500,0,0,0,0,0
13.662036667,0,0,0,1,0
13.662472375,0,0,0,0,0
13.712519417,0,0,0,1,0
13.712955125,0,0,0,0,0
13.762999125,0,1,0,0,0
13.763115667,0,0,0,0,0
13.763126542,1,0,0,0,0
13.785132875,0,0,0,0,0
13.785146625,0,0,1,0,0
13.785260875,0,0,0,0,0
13.785278750,0,0,0,1,0
13.785714417,0,0,0,0,0
13.785731292,0,0,0,0,1
13.841253417,0,0,0,0,0
13.841271292,0,0,0,1,0
13.841707000,0,0,0,0,0
13.863957250,0,0,0,1,0
13.864392917,0,0,0,0,0
13.914440000,0,0,0,1,0
13.914875667,0,0,0,0,0
13.964922750,0,0,0,1,0
13.965364500,0,0,0,0,0
14.015400667,0,0,0,1,0
14.015836375,0,0,0,0,0
14.065883417,0,0,0,1,0
14.066319125,0,0,0,0,0
14.116366500,0,0,0,1,0
14.116808250,0,0,0,0,0
14.166844417,0,0,0,1,0
14.167280125,0,0,0,0,0
14.217327167,0,0,0,1,0
14.217762875,0,0,0,0,0
14.267799167,0,0,1,0,0
14.267916875,0,0,0,0,0
14.267927750,1,0,0,0,0
14.328818042,0,0,0,0,0
14.328828625,0,1,0,0,0
14.328939542,0,0,0,0,0
14.328957417,0,0,0,1,0
14.329393125,0,0,0,0,0
14.329410000,0,0,0,0,1
14.384905875,0,0,0,0,0
14.384923750,0,0,0,1,0
14.385359417,0,0,0,0,0
14.419236375,0,0,0,1,0
14.419672042,0,0,0,0,0
14.469719125,0,0,0,1,0
14.470160875,0,0,0,0,0
14.520197042,0,0,0,1,0
14.520632750,0,0,0,0,0
14.570679792,0,0,0,1,0
14.571115500,0,0,0,0,0
14.621162542,0,0,0,1,0
14.621604292,0,0,0,0,0
14.671651667,0,0,0,1,0
14.672087375,0,0,0,0,0
14.722123542,0,0,0,1,0
14.722559250,0,0,0,0,0
14.772598667,0,0,0,0,1
14.828108500,0,0,0,0,0
14.828119375,1,0,0,0,0
14.888999125,0,0,0,0,0
14.889009667,0,1,0,0,0
14.889123750,0,0,0,0,0
14.889137500,0,0,1,0,0
14.889252667,0,0,0,0,0
14.889270542,0,0,0,1,0
14.889706250,0,0,0,0,0
14.924046000,0,0,0,1,0
14.924481667,0,0,0,0,0
14.974517875,0,0,0,1,0
14.974959625,0,0,0,0,0
15.025006667,0,0,0,1,0
15.025442375,0,0,0,0,0
15.075478542,0,0,0,1,0
15.075914250,0,0,0,0,0
15.125961292,0,0,0,1,0
15.126403042,0,0,0,0,0
15.176444042,0,0,0,1,0
15.176885792,0,0,0,0,0
15.226922292,0,0,0,1,0
15.227358000,0,0,0,0,0
15.277402292,1,0,0,0,0
15.299455458,0,0,0,0,0
15.299466000,0,1,0,0,0
15.299579750,0,0,0,0,0
15.299593500,0,0,1,0,0
15.299708667,0,0,0,0,0
15.299726542,0,0,0,1,0
15.300162250,0,0,0,0,0
15.300179125,0,0,0,0,1
15.355692792,0,0,0,0,0
15.355710667,0,0,0,1,0
15.356146375,0,0,0,0,0
15.378363667,0,0,0,1,0
15.378799375,0,0,0,0,0
15.428846417,0,0,0,1,0
15.429282125,0,0,0,0,0
15.479318625,0,0,0,1,0
15.479760375,0,0,0,0,0
15.529796542,0,0,0,1,0
15.530232250,0,0,0,0,0
15.580279292,0,0,0,1,0
15.580715000,0,0,0,0,0
15.630762042,0,0,0,1,0
15.631203792,0,0,0,0,0
15.681244792,0,0,0,1,0
15.681686542,0,0,0,0,0
15.731722750,0,0,0,1,0
15.732158417,0,0,0,0,0
15.782198167,0,0,0,0,1
15.837710500,0,0,0,0,0
15.837721375,1,0,0,0,0
15.898600667,0,0,0,0,0
15.898611250,0,1,0,0,0
15.898723750,0,0,0,0,0
15.898737500,0,0,1,0,0
15.898852667,0,0,0,0,0
15.898870542,0,0,0,1,0
15.899306250,0,0,0,0,0
15.933646000,0,0,0,1,0
15.934081667,0,0,0,0,0
15.984117875,0,0,0,1,0
15.984559625,0,0,0,0,0
16.034607000,0,0,0,1,0
16.035042667,0,0,0,0,0
16.085078875,0,0,0,1,0
16.085514542,0,0,0,0,0
16.135561625,0,0,0,1,0
16.136003375,0,0,0,0,0
16.186044375,0,0,0,1,0
16.186486125,0,0,0,0,0
16.236522292,0,0,0,1,0
16.236958000,0,0,0,0,0
16.287002292,1,0,0,0,0
16.347886667,0,0,0,0,0
16.347897250,0,1,0,0,0
16.348011750,0,0,0,0,0
16.348025500,0,0,1,0,0
16.348140667,0,0,0,0,0
16.348158542,0,0,0,1,0
16.348594250,0,0,0,0,0
16.348611125,0,0,0,0,1
16.404098417,0,0,0,0,0
16.404116292,0,0,0,1,0
16.404558042,0,0,0,0,0
16.438445875,0,0,0,1,0
16.438881542,0,0,0,0,0
16.488917750,0,0,0,1,0
16.489359500,0,0,0,0,0
16.539406542,0,0,0,1,0
16.539842250,0,0,0,0,0
16.589878750,0,0,0,1,0
16.590314417,0,0,0,0,0
16.640361500,0,0,0,1,0
16.640803250,0,0,0,0,0
16.690844250,0,0,0,1,0
16.691286000,0,0,0,0,0
16.741322167,0,0,0,1,0
16.741757875,0,0,0,0,0
16.791802167,1,0,0,0,0
16.813855625,0,0,0,0,0
16.813866167,0,1,0,0,0
16.813979625,0,0,0,0,0
16.813993375,0,0,1,0,0
16.814108875,0,0,0,0,0
16.814126750,0,0,0,1,0
16.814562417,0,0,0,0,0
16.814579292,0,0,0,0,1
16.870100375,0,0,0,0,0
16.870118250,0,0,0,1,0
16.870560000,0,0,0,0,0
16.892766750,0,0,0,1,0
16.893202417,0,0,0,0,0
16.943238625,0,0,0,1,0
16.943674292,0,0,0,0,0
16.993721375,0,0,0,1,0
16.994163125,0,0,0,0,0
17.044204125,0,0,0,1,0
17.044645875,0,0,0,0,0
17.094682042,0,0,0,1,0
17.095117750,0,0,0,0,0
17.145165125,0,0,0,1,0
17.145606875,0,0,0,0,0
17.195637000,0,0,0,1,0
17.196078750,0,0,0,0,0
17.246125792,0,0,0,1,0
17.246561500,0,0,0,0,0
17.296601917,0,0,0,1,0
17.297037625,0,0,0,0,0
17.297048500,1,0,0,0,0
17.357939250,0,0,0,0,0
17.357949792,0,1,0,0,0
17.358067625,0,0,0,0,0
17.358081375,0,0,1,0,0
17.358196875,0,0,0,0,0
17.358214750,0,0,0,1,0
17.358656500,0,0,0,0,0
17.358673375,0,0,0,0,1
17.414184417,0,0,0,0,0
17.414202292,0,0,0,1,0
17.414638000,0,0,0,0,0
17.448036417,0,0,0,1,0
17.448472125,0,0,0,0,0
17.498519167,0,0,0,1,0
17.498960917,0,0,0,0,0
17.549001917,0,0,0,1,0
17.549443667,0,0,0,0,0
17.599479875,0,0,0,1,0
17.599915542,0,0,0,0,0
17.649962625,0,0,0,1,0
17.650398292,0,0,0,0,0
17.700445667,0,0,0,1,0
17.700887417,0,0,0,0,0
17.750923625,0,0,0,1,0
17.751359292,0,0,0,0,0
17.801398750,0,0,0,0,1
17.856908542,0,0,0,0,0
17.856919417,1,0,0,0,0
17.917799042,0,0,0,0,0
17.917809625,0,1,0,0,0
17.917923667,0,0,0,0,0
17.917937417,0,0,1,0,0
17.918052625,0,0,0,0,0
17.918070500,0,0,0,1,0
17.918506167,0,0,0,0,0
17.952845917,0,0,0,1,0
17.953281625,0,0,0,0,0
18.003317792,0,0,0,1,0
18.003759542,0,0,0,0,0
18.053800542,0,0,0,1,0
18.054242292,0,0,0,0,0
18.104278500,0,0,0,1,0
18.104714167,0,0,0,0,0
18.154761250,0,0,0,1,0
18.155196917,0,0,0,0,0
18.205244000,0,0,0,1,0
18.205685750,0,0,0,0,0
18.255722250,0,0,0,1,0
18.256157917,0,0,0,0,0
18.306202250,1,0,0,0,0
18.328253500,0,0,0,0,0
18.328264042,0,1,0,0,0
18.328379500,0,0,0,0,0
18.328393250,0,0,1,0,0
18.328508750,0,0,0,0,0
18.328526625,0,0,0,1,0
18.328962292,0,0,0,0,0
18.328979167,0,0,0,0,1
18.384501792,0,0,0,0,0
18.384519667,0,0,0,1,0
18.384961417,0,0,0,0,0
18.407161792,0,0,0,1,0
18.407603542,0,0,0,0,0
18.457639750,0,0,0,1,0
18.458075417,0,0,0,0,0
18.508122792,0,0,0,1,0
18.508564542,0,0,0,0,0
18.558605542,0,0,0,1,0
18.559047292,0,0,0,0,0
18.609083500,0,0,0,1,0
18.609519167,0,0,0,0,0
18.659566250,0,0,0,1,0
18.660001917,0,0,0,0,0
18.710038125,0,0,0,1,0
18.710479875,0,0,0,0,0
18.760526917,0,0,0,1,0
18.760962625,0,0,0,0,0
18.810999250,0,0,1,0,0
18.811116625,0,0,0,0,0
18.811127500,1,0,0,0,0
18.872011417,0,0,0,0,0
18.872022000,0,1,0,0,0
18.872139625,0,0,0,0,0
18.872157500,0,0,0,1,0
18.872593167,0,0,0,0,0
18.872610042,0,0,0,0,1
18.928113625,0,0,0,0,0
18.928131500,0,0,0,1,0
18.928573250,0,0,0,0,0
18.962439292,0,0,0,1,0
18.962875000,0,0,0,0,0
19.012922042,0,0,0,1,0
19.013357750,0,0,0,0,0
19.063405125,0,0,0,1,0
19.063846875,0,0,0,0,0
19.113883042,0,0,0,1,0
19.114318750,0,0,0,0,0
19.164365792,0,0,0,1,0
19.164801500,0,0,0,0,0
19.214837667,0,0,0,1,0
19.215279417,0,0,0,0,0
19.265326500,0,0,0,1,0
19.265762167,0,0,0,0,0
19.315802625,0,0,0,1,0
19.316238292,0,0,0,0,0
19.316249167,1,0,0,0,0
19.377139625,0,0,0,0,0
19.377150167,0,1,0,0,0
19.377267667,0,0,0,0,0
19.377281417,0,0,1,0,0
19.377396625,0,0,0,0,0
19.377414500,0,0,0,1,0
19.377850167,0,0,0,0,0
19.377867042,0,0,0,0,1
19.433395750,0,0,0,0,0
19.433413625,0,0,0,1,0
19.433849292,0,0,0,0,0
19.467236875,0,0,0,1,0
19.467672542,0,0,0,0,0
19.517719625,0,0,0,1,0
19.518155292,0,0,0,0,0
19.568202375,0,0,0,1,0
19.568644125,0,0,0,0,0
19.618680625,0,0,0,1,0
19.619116292,0,0,0,0,0
19.669163375,0,0,0,1,0
19.669599042,0,0,0,0,0
19.719646125,0,0,0,1,0
19.720087875,0,0,0,0,0
19.770124042,0,0,0,1,0
19.770559750,0,0,0,0,0
19.820599167,0,0,0,0,1
19.876115542,0,0,0,0,0
19.876126417,1,0,0,0,0
19.898086792,0,0,0,0,0
19.898097375,0,1,0,0,0
19.898211542,0,0,0,0,0
19.898225292,0,0,1,0,0
19.898340792,0,0,0,0,0
19.898358667,0,0,0,1,0
19.898794375,0,0,0,0,0
19.921566625,0,0,0,1,0
19.922008375,0,0,0,0,0
19.972044542,0,0,0,1,0
19.972480250,0,0,0,0,0
20.022516417,0,0,0,1,0
20.022952125,0,0,0,0,0
20.072999167,0,0,0,1,0
20.073440917,0,0,0,0,0
20.123477125,0,0,0,1,0
20.123912792,0,0,0,0,0
20.173960167,0,0,0,1,0
20.174395875,0,0,0,0,0
20.224442917,0,0,0,1,0
20.224884667,0,0,0,0,0
20.274925667,0,0,0,1,0
20.275367417,0,0,0,0,0
20.325400875,1,0,0,0,0
20.386292667,0,0,0,0,0
20.386303250,0,1,0,0,0
20.386419500,0,0,0,0,0
20.386433250,0,0,1,0,0
20.386548750,0,0,0,0,0
20.386572667,0,0,0,1,0
20.387008375,0,0,0,0,0
20.387025250,0,0,0,0,1
20.442536292,0,0,0,0,0
20.442554167,0,0,0,1,0
20.442995917,0,0,0,0,0
20.476840250,0,0,0,1,0
20.477275917,0,0,0,0,0
20.527323000,0,0,0,1,0
20.527758667,0,0,0,0,0
20.577805750,0,0,0,1,0
20.578247500,0,0,0,0,0
20.628283667,0,0,0,1,0
20.628719375,0,0,0,0,0
20.678766417,0,0,0,1,0
20.679202125,0,0,0,0,0
20.729238625,0,0,0,1,0
20.729680375,0,0,0,0,0
20.779721375,0,0,0,1,0
20.780163125,0,0,0,0,0
20.830199417,0,0,1,0,0
20.830316792,0,0,0,0,0
20.830327667,1,0,0,0,0
20.891218750,0,0,0,0,0
20.891229292,0,1,0,0,0
20.891347750,0,0,0,0,0
20.891365625,0,0,0,1,0
20.891807375,0,0,0,0,0
20.891824250,0,0,0,0,1
20.947315625,0,0,0,0,0
20.947333500,0,0,0,1,0
20.947775250,0,0,0,0,0
20.981641292,0,0,0,1,0
20.982077000,0,0,0,0,0
21.032124042,0,0,0,1,0
21.032559750,0,0,0,0,0
21.082606792,0,0,0,1,0
21.083048542,0,0,0,0,0
21.133084750,0,0,0,1,0
21.133520417,0,0,0,0,0
21.183556625,0,0,0,1,0
21.183992292,0,0,0,0,0
21.234039375,0,0,0,1,0
21.234481125,0,0,0,0,0
21.284522417,0,0,0,1,0
21.284964167,0,0,0,0,0
21.335000500,0,0,1,0,0
21.335116625,0,0,0,0,0
21.335127500,1,0,0,0,0
21.357088125,0,0,0,0,0
21.357098667,0,1,0,0,0
21.357211500,0,0,0,0,0
21.357229375,0,0,0,1,0
21.357671125,0,0,0,0,0
21.357688000,0,0,0,0,1
21.413224375,0,0,0,0,0
21.413242250,0,0,0,1,0
21.413684000,0,0,0,0,0
21.435960500,0,0,0,1,0
21.436402250,0,0,0,0,0
21.486438417,0,0,0,1,0
21.486874125,0,0,0,0,0
21.536921500,0,0,0,1,0
21.537357167,0,0,0,0,0
21.587404250,0,0,0,1,0
21.587846000,0,0,0,0,0
21.637887000,0,0,0,1,0
21.638328750,0,0,0,0,0
21.688364917,0,0,0,1,0
21.688800625,0,0,0,0,0
21.738836792,0,0,0,1,0
21.739278542,0,0,0,0,0
21.789319542,0,0,0,1,0
21.789761292,0,0,0,0,0
21.839802042,0,0,0,1,0
21.840237750,0,0,0,0,0
21.840248625,1,0,0,0,0
21.901138625,0,0,0,0,0
21.901149167,0,1,0,0,0
21.901259500,0,0,0,0,0
21.901273250,0,0,1,0,0
21.901388750,0,0,0,0,0
21.901406625,0,0,0,1,0
21.901842292,0,0,0,0,0
21.901859167,0,0,0,0,1
21.957383792,0,0,0,0,0
21.957401667,0,0,0,1,0
21.957837375,0,0,0,0,0
21.991246667,0,0,0,1,0
21.991682375,0,0,0,0,0
22.041718542,0,0,0,1,0
22.042154250,0,0,0,0,0
22.092201625,0,0,0,1,0
22.092643375,0,0,0,0,0
22.142684375,0,0,0,1,0
22.143126125,0,0,0,0,0
22.193162292,0,0,0,1,0
22.193598000,0,0,0,0,0
22.243645042,0,0,0,1,0
22.244080750,0,0,0,0,0
22.294116917,0,0,0,1,0
22.294558667,0,0,0,0,0
22.344598125,0,0,0,0,1
22.399475917,0,0,0,0,0
22.399486792,1,0,0,0,0
22.460369667,0,0,0,0,0
22.460380250,0,1,0,0,0
22.460491500,0,0,0,0,0
22.460505250,0,0,1,0,0
22.460620750,0,0,0,0,0
22.460638625,0,0,0,1,0
22.461074292,0,0,0,0,0
22.496040000,0,0,0,1,0
22.496475667,0,0,0,0,0
22.546522750,0,0,0,1,0
22.546958417,0,0,0,0,0
22.597005500,0,0,0,1,0
22.597447250,0,0,0,0,0
22.647477667,0,0,0,1,0
22.647919417,0,0,0,0,0
22.697966500,0,0,0,1,0
22.698402167,0,0,0,0,0
22.748438375,0,0,0,1,0
22.748874042,0,0,0,0,0
22.798921125,0,0,0,1,0
22.799362875,0,0,0,0,0
22.849399167,0,0,1,0,0
22.849516875,0,0,0,0,0
22.849527750,1,0,0,0,0
22.871489417,0,0,0,0,0
22.871500000,0,1,0,0,0
22.871611542,0,0,0,0,0
22.871629417,0,0,0,1,0
22.872071167,0,0,0,0,0
22.872088042,0,0,0,0,1
22.927611625,0,0,0,0,0
22.927629500,0,0,0,1,0
22.928065167,0,0,0,0,0
22.950358917,0,0,0,1,0
22.950800667,0,0,0,0,0
23.000847750,0,0,0,1,0
23.001283417,0,0,0,0,0
23.051319625,0,0,0,1,0
23.051755292,0,0,0,0,0
23.101802375,0,0,0,1,0
23.102244125,0,0,0,0,0
23.152285125,0,0,0,1,0
23.152726875,0,0,0,0,0
23.202763375,0,0,0,1,0
23.203199042,0,0,0,0,0
23.253246125,0,0,0,1,0
23.253681792,0,0,0,0,0
23.303718000,0,0,0,1,0
23.304159750,0,0,0,0,0
23.354199167,0,0,0,0,1
23.409699000,0,0,0,0,0
23.409709875,1,0,0,0,0
23.470587125,0,0,0,0,0
23.470597667,0,1,0,0,0
23.470715500,0,0,0,0,0
23.470729250,0,0,1,0,0
23.470844750,0,0,0,0,0
23.470868667,0,0,0,1,0
23.471304375,0,0,0,0,0
23.505638042,0,0,0,1,0
23.506079792,0,0,0,0,0
23.556126875,0,0,0,1,0
23.556562542,0,0,0,0,0
23.606598750,0,0,0,1,0
23.607034417,0,0,0,0,0
23.657081500,0,0,0,1,0
23.657523250,0,0,0,0,0
23.707559417,0,0,0,1,0
23.707995125,0,0,0,0,0
23.758042500,0,0,0,1,0
23.758478167,0,0,0,0,0
23.808525250,0,0,0,1,0
23.808967000,0,0,0,0,0
23.859000417,1,0,0,0,0
23.919891792,0,0,0,0,0
23.919902375,0,1,0,0,0
23.920019542,0,0,0,0,0
23.920033292,0,0,1,0,0
23.920148792,0,0,0,0,0
23.920166667,0,0,0,1,0
23.920608417,0,0,0,0,0
23.920625292,0,0,0,0,1
23.976121667,0,0,0,0,0
23.976139542,0,0,0,1,0
23.976575250,0,0,0,0,0
24.010441000,0,0,0,1,0
24.010883042,0,0,0,0,0
24.060919250,0,0,0,1,0
24.061354917,0,0,0,0,0
24.111402000,0,0,0,1,0
24.111837667,0,0,0,0,0
24.161884750,0,0,0,1,0
24.162326500,0,0,0,0,0
24.212362667,0,0,0,1,0
24.212798375,0,0,0,0,0
24.262845417,0,0,0,1,0
24.263281125,0,0,0,0,0
24.313317625,0,0,0,1,0
24.313759375,0,0,0,0,0
24.363806542,0,0,1,0,0
24.363924875,0,0,0,0,0
24.363935750,1,0,0,0,0
24.385994375,0,0,0,0,0
24.386004917,0,1,0,0,0
24.386115542,0,0,0,0,0
24.386133417,0,0,0,1,0
24.386575167,0,0,0,0,0
24.386592042,0,0,0,0,1
24.442119667,0,0,0,0,0
24.442137542,0,0,0,1,0
24.442573250,0,0,0,0,0
24.464757917,0,0,0,1,0
24.465199667,0,0,0,0,0
24.515240667,0,0,0,1,0
24.515682417,0,0,0,0,0
24.565718917,0,0,0,1,0
24.566154625,0,0,0,0,0
24.616201667,0,0,0,1,0
24.616637375,0,0,0,0,0
24.666684417,0,0,0,1,0
24.667126167,0,0,0,0,0
24.717162375,0,0,0,1,0
24.717598042,0,0,0,0,0
24.767645125,0,0,0,1,0
24.768080792,0,0,0,0,0
24.818117000,0,0,0,1,0
24.818558750,0,0,0,0,0
24.868600167,0,0,1,0,0
24.868716750,0,0,0,0,0
24.868727625,1,0,0,0,0
24.929618375,0,0,0,0,0
24.929628917,0,1,0,0,0
24.929739542,0,0,0,0,0
24.929757417,0,0,0,1,0
24.930199167,0,0,0,0,0
24.930216042,0,0,0,0,1
24.985722125,0,0,0,0,0
24.985740000,0,0,0,1,0
24.986175667,0,0,0,0,0
25.020041750,0,0,0,1,0
25.020483500,0,0,0,0,0
25.070519667,0,0,0,1,0
25.070955375,0,0,0,0,0
25.121002750,0,0,0,1,0
25.121438417,0,0,0,0,0
25.171485500,0,0,0,1,0
25.171927250,0,0,0,0,0
25.221963417,0,0,0,1,0
25.222399125,0,0,0,0,0
25.272446167,0,0,0,1,0
25.272881875,0,0,0,0,0
25.322918042,0,0,0,1,0
25.323359792,0,0,0,0,0
25.373397750,0,1,0,0,0
25.373515667,0,0,0,0,0
25.373526542,1,0,0,0,0
25.434414667,0,0,0,0,0
25.434428417,0,0,1,0,0
25.434540792,0,0,0,0,0
25.434558667,0,0,0,1,0
25.435000417,0,0,0,0,0
25.435017292,0,0,0,0,1
25.490527417,0,0,0,0,0
25.490545292,0,0,0,1,0
25.490981000,0,0,0,0,0
25.524847042,0,0,0,1,0
25.525288792,0,0,0,0,0
25.575325000,0,0,0,1,0
25.575760667,0,0,0,0,0
25.625796875,0,0,0,1,0
25.626232542,0,0,0,0,0
25.676279917,0,0,0,1,0
25.676721667,0,0,0,0,0
25.726757875,0,0,0,1,0
25.727193542,0,0,0,0,0
25.777240625,0,0,0,1,0
25.777676292,0,0,0,0,0
25.827723375,0,0,0,1,0
25.828165125,0,0,0,0,0
25.878198500,0,0,0,0,1
25.933689667,0,0,0,0,0
25.933700542,1,0,0,0,0
25.955664833,0,0,0,0,0
25.955675375,0,1,0,0,0
25.955787542,0,0,0,0,0
25.955801292,0,0,1,0,0
25.955916792,0,0,0,0,0
25.955934667,0,0,0,1,0
25.956376417,0,0,0,0,0
25.979159542,0,0,0,1,0
25.979595250,0,0,0,0,0
26.029642292,0,0,0,1,0
26.030084042,0,0,0,0,0
26.080120250,0,0,0,1,0
26.080555917,0,0,0,0,0
26.130603000,0,0,0,1,0
26.131038667,0,0,0,0,0
26.181085750,0,0,0,1,0
26.181527500,0,0,0,0,0
26.231564000,0,0,0,1,0
26.231999667,0,0,0,0,0
26.282046750,0,0,0,1,0
26.282482417,0,0,0,0,0
26.332518625,0,0,0,1,0
26.332960375,0,0,0,0,0
26.382998292,0,1,0,0,0
26.383115625,0,0,0,0,0
26.383126500,1,0,0,0,0
26.444014292,0,0,0,0,0
26.444028042,0,0,1,0,0
26.444140750,0,0,0,0,0
26.444158625,0,0,0,1,0
26.444600375,0,0,0,0,0
26.444617250,0,0,0,0,1
26.500109542,0,0,0,0,0
26.500127417,0,0,0,1,0
26.500563125,0,0,0,0,0
26.534440042,0,0,0,1,0
26.534881792,0,0,0,0,0
26.584918000,0,0,0,1,0
26.585353667,0,0,0,0,0
26.635400750,0,0,0,1,0
26.635836417,0,0,0,0,0
26.685883500,0,0,0,1,0
26.686325250,0,0,0,0,0
26.736366250,0,0,0,1,0
26.736808000,0,0,0,0,0
26.786844500,0,0,0,1,0
26.787280167,0,0,0,0,0
26.837316375,0,0,0,1,0
26.837752042,0,0,0,0,0
26.887799250,0,0,1,0,0
26.887916625,0,0,0,0,0
26.887927500,1,0,0,0,0
26.948824625,0,0,0,0,0
26.948835167,0,1,0,0,0
26.948947667,0,0,0,0,0
26.948965542,0,0,0,1,0
26.949407292,0,0,0,0,0
26.949424167,0,0,0,0,1
27.004931792,0,0,0,0,0
27.004949667,0,0,0,1,0
27.005385375,0,0,0,0,0
27.039240250,0,0,0,1,0
27.039682292,0,0,0,0,0
27.089718500,0,0,0,1,0
27.090154167,0,0,0,0,0
27.140201250,0,0,0,1,0
27.140636917,0,0,0,0,0
27.190684000,0,0,0,1,0
27.191125750,0,0,0,0,0
27.241166750,0,0,0,1,0
27.241608500,0,0,0,0,0
27.291644667,0,0,0,1,0
27.292080375,0,0,0,0,0
27.342116875,0,0,0,1,0
27.342552542,0,0,0,0,0
27.392599750,0,0,1,0,0
27.392716792,0,0,0,0,0
27.392727667,1,0,0,0,0
27.414688583,0,0,0,0,0
27.414699125,0,1,0,0,0
27.414811625,0,0,0,0,0
27.414829500,0,0,0,1,0
27.415265167,0,0,0,0,0
27.415282042,0,0,0,0,1
27.470804500,0,0,0,0,0
27.470822375,0,0,0,1,0
27.471258042,0,0,0,0,0
27.493562375,0,0,0,1,0
27.493998042,0,0,0,0,0
27.544045125,0,0,0,1,0
27.544486875,0,0,0,0,0
27.594523375,0,0,0,1,0
27.594959042,0,0,0,0,0
27.645006125,0,0,0,1,0
27.645441792,0,0,0,0,0
27.695478000,0,0,0,1,0
27.695919750,0,0,0,0,0
27.745960750,0,0,0,1,0
27.746402500,0,0,0,0,0
27.796438667,0,0,0,1,0
27.796874375,0,0,0,0,0
27.846921417,0,0,0,1,0
27.847357125,0,0,0,0,0
27.897401750,1,0,0,0,0
27.958291750,0,0,0,0,0
27.958302292,0,1,0,0,0
27.958419500,0,0,0,0,0
27.958433250,0,0,1,0,0
27.958548750,0,0,0,0,0
27.958566625,0,0,0,1,0
27.959002292,0,0,0,0,0
27.959019167,0,0,0,0,1
28.014525042,0,0,0,0,0
28.014542917,0,0,0,1,0
28.014978625,0,0,0,0,0
28.048844667,0,0,0,1,0
28.049286417,0,0,0,0,0
28.099316542,0,0,0,1,0
28.099758292,0,0,0,0,0
28.149805667,0,0,0,1,0
28.150241375,0,0,0,0,0
28.200277542,0,0,0,1,0
28.200719292,0,0,0,0,0
28.250760292,0,0,0,1,0
28.251202042,0,0,0,0,0
28.301238250,0,0,0,1,0
28.301673917,0,0,0,0,0
28.351721000,0,0,0,1,0
28.352156667,0,0,0,0,0
28.402201000,1,0,0,0,0
28.463091292,0,0,0,0,0
28.463101875,0,1,0,0,0
28.463219667,0,0,0,0,0
28.463233417,0,0,1,0,0
28.463348625,0,0,0,0,0
28.463366500,0,0,0,1,0
28.463802167,0,0,0,0,0
28.463819042,0,0,0,0,1
28.519336167,0,0,0,0,0
28.519354042,0,0,0,1,0
28.519789750,0,0,0,0,0
28.553644917,0,0,0,1,0
28.554086667,0,0,0,0,0
28.604116792,0,0,0,1,0
28.604558542,0,0,0,0,0
28.654605625,0,0,0,1,0
28.655041292,0,0,0,0,0
28.705077792,0,0,0,1,0
28.705513500,0,0,0,0,0
28.755560542,0,0,0,1,0
28.756002292,0,0,0,0,0
28.806038500,0,0,0,1,0
28.806474167,0,0,0,0,0
28.856521250,0,0,0,1,0
28.856956917,0,0,0,0,0
28.907001250,1,0,0,0,0
28.928961250,0,0,0,0,0
28.928971792,0,1,0,0,0
28.929083667,0,0,0,0,0
28.929097417,0,0,1,0,0
28.929212625,0,0,0,0,0
28.929230500,0,0,0,1,0
28.929666167,0,0,0,0,0
28.929683042,0,0,0,0,1
28.985205167,0,0,0,0,0
28.985223042,0,0,0,1,0
28.985658750,0,0,0,0,0
29.007963375,0,0,0,1,0
29.008399042,0,0,0,0,0
29.058446125,0,0,0,1,0
29.058887875,0,0,0,0,0
29.108918000,0,0,0,1,0
29.109359750,0,0,0,0,0
29.159406792,0,0,0,1,0
29.159842500,0,0,0,0,0
29.209878667,0,0,0,1,0
29.210314375,0,0,0,0,0
29.260361750,0,0,0,1,0
29.260803500,0,0,0,0,0
29.310839667,0,0,0,1,0
29.311275375,0,0,0,0,0
29.361322417,0,0,0,1,0
29.361758125,0,0,0,0,0
29.411797542,0,0,0,0,1
29.467311417,0,0,0,0,0
29.467322292,1,0,0,0,0
29.528198667,0,0,0,0,0
29.528209250,0,1,0,0,0
29.528323625,0,0,0,0,0
29.528337375,0,0,1,0,0
29.528452875,0,0,0,0,0
29.528470750,0,0,0,1,0
29.528912500,0,0,0,0,0
29.563246167,0,0,0,1,0
29.563687917,0,0,0,0,0
29.613718042,0,0,0,1,0
29.614159792,0,0,0,0,0
29.664206875,0,0,0,1,0
29.664642542,0,0,0,0,0
29.714678750,0,0,0,1,0
29.715114417,0,0,0,0,0
29.765161500,0,0,0,1,0
29.765603250,0,0,0,0,0
29.815639750,0,0,0,1,0
29.816075417,0,0,0,0,0
29.866122500,0,0,0,1,0
29.866558167,0,0,0,0,0
29.916597625,0,0,0,0,1
29.972092417,0,0,0,0,0
29.972103292,1,0,0,0,0
30.032983042,0,0,0,0,0
30.032993625,0,1,0,0,0
30.033107667,0,0,0,0,0
30.033121417,0,0,1,0,0
30.033236625,0,0,0,0,0
30.033254500,0,0,0,1,0
30.033696250,0,0,0,0,0
30.068040500,0,0,0,1,0
30.068476167,0,0,0,0,0
30.118523542,0,0,0,1,0
30.118965292,0,0,0,0,0
30.169001500,0,0,0,1,0
30.169437167,0,0,0,0,0
30.219484250,0,0,0,1,0
30.219919917,0,0,0,0,0
30.269967000,0,0,0,1,0
30.270408750,0,0,0,0,0
30.320444917,0,0,0,1,0
30.320880625,0,0,0,0,0
30.370917125,0,0,0,1,0
30.371352792,0,0,0,0,0
30.421400000,0,0,1,0,0
30.421516750,0,0,0,0,0
30.421527625,1,0,0,0,0
30.443536750,0,0,0,0,0
30.443547292,0,1,0,0,0
30.443659500,0,0,0,0,0
30.443677375,0,0,0,1,0
30.444113042,0,0,0,0,0
30.444129917,0,0,0,0,1
30.499639875,0,0,0,0,0
30.499657750,0,0,0,1,0
30.500093417,0,0,0,0,0
30.522365125,0,0,0,1,0
30.522800792,0,0,0,0,0
30.572837000,0,0,0,1,0
30.573272667,0,0,0,0,0
30.623319750,0,0,0,1,0
30.623761792,0,0,0,0,0
30.673798000,0,0,0,1,0
30.674233667,0,0,0,0,0
30.724280750,0,0,0,1,0
30.724716417,0,0,0,0,0
30.774763500,0,0,0,1,0
30.775205250,0,0,0,0,0
30.825252292,0,0,0,1,0
30.825688000,0,0,0,0,0
30.875724167,0,0,0,1,0
30.876159875,0,0,0,0,0
30.926200625,0,0,0,1,0
30.926642375,0,0,0,0,0
30.926653250,1,0,0,0,0
30.987544125,0,0,0,0,0
30.987554667,0,1,0,0,0
30.987667500,0,0,0,0,0
30.987681250,0,0,1,0,0
30.987796750,0,0,0,0,0
30.987814625,0,0,0,1,0
30.988256375,0,0,0,0,0
30.988273250,0,0,0,0,1
31.043790542,0,0,0,0,0
31.043808417,0,0,0,1,0
31.044244125,0,0,0,0,0
31.077642542,0,0,0,1,0
31.078078250,0,0,0,0,0
31.128125292,0,0,0,1,0
31.128567042,0,0,0,0,0
31.178603542,0,0,0,1,0
31.179039250,0,0,0,0,0
31.229086292,0,0,0,1,0
31.229522000,0,0,0,0,0
31.279558167,0,0,0,1,0
31.279999917,0,0,0,0,0
31.330040917,0,0,0,1,0
31.330482667,0,0,0,0,0
31.380518875,0,0,0,1,0
31.380954542,0,0,0,0,0
31.430998542,0,1,0,0,0
31.431115750,0,0,0,0,0
31.431126625,1,0,0,0,0
31.492013667,0,0,0,0,0
31.492027417,0,0,1,0,0
31.492140750,0,0,0,0,0
31.492158625,0,0,0,1,0
31.492594292,0,0,0,0,0
31.492611167,0,0,0,0,1
31.548088500,0,0,0,0,0
31.548106375,0,0,0,1,0
31.548548125,0,0,0,0,0
31.582446792,0,0,0,1,0
31.582882500,0,0,0,0,0
31.632918667,0,0,0,1,0
31.633360417,0,0,0,0,0
31.683396625,0,0,0,1,0
31.683832292,0,0,0,0,0
31.733879667,0,0,0,1,0
31.734315375,0,0,0,0,0
31.784362417,0,0,0,1,0
31.784804167,0,0,0,0,0
31.834845167,0,0,0,1,0
31.835286917,0,0,0,0,0
31.885323125,0,0,0,1,0
31.885758792,0,0,0,0,0
31.935798250,0,0,0,0,1
31.991312125,0,0,0,0,0
31.991323000,1,0,0,0,0
32.013288417,0,0,0,0,0
32.013299000,0,1,0,0,0
32.013411500,0,0,0,0,0
32.013425250,0,0,1,0,0
32.013540750,0,0,0,0,0
32.013558625,0,0,0,1,0
32.013994292,0,0,0,0,0
32.036761750,0,0,0,1,0
32.037197417,0,0,0,0,0
32.087244500,0,0,0,1,0
32.087680167,0,0,0,0,0
32.137716375,0,0,0,1,0
32.138158125,0,0,0,0,0
32.188205167,0,0,0,1,0
32.188640875,0,0,0,0,0
32.238677042,0,0,0,1,0
32.239112750,0,0,0,0,0
32.289160125,0,0,0,1,0
32.289601875,0,0,0,0,0
32.339642875,0,0,0,1,0
32.340084625,0,0,0,0,0
32.390120792,0,0,0,1,0
32.390556500,0,0,0,0,0
32.440600792,1,0,0,0,0
32.501485042,0,0,0,0,0
32.501495625,0,1,0,0,0
32.501611667,0,0,0,0,0
32.501625417,0,0,1,0,0
32.501740625,0,0,0,0,0
32.501758500,0,0,0,1,0
32.502194167,0,0,0,0,0
32.502211042,0,0,0,0,1
32.557695875,0,0,0,0,0
32.557713750,0,0,0,1,0
32.558155500,0,0,0,0,0
32.592043292,0,0,0,1,0
32.592479000,0,0,0,0,0
32.642526042,0,0,0,1,0
32.642967792,0,0,0,0,0
32.693004000,0,0,0,1,0
32.693439667,0,0,0,0,0
32.743486750,0,0,0,1,0
32.743922417,0,0,0,0,0
32.793958625,0,0,0,1,0
32.794400375,0,0,0,0,0
32.844441667,0,0,0,1,0
32.844883417,0,0,0,0,0
32.894919625,0,0,0,1,0
32.895355292,0,0,0,0,0
32.945399292,0,1,0,0,0
32.945515542,0,0,0,0,0
32.945526417,1,0,0,0,0
33.006416750,0,0,0,0,0
33.006430500,0,0,1,0,0
33.006548792,0,0,0,0,0
33.006566667,0,0,0,1,0
33.007002375,0,0,0,0,0
33.007019250,0,0,0,0,1
33.062515625,0,0,0,0,0
33.062533500,0,0,0,1,0
33.062975250,0,0,0,0,0
33.096841000,0,0,0,1,0
33.097276667,0,0,0,0,0
33.147324042,0,0,0,1,0
33.147765792,0,0,0,0,0
33.197806792,0,0,0,1,0
33.198248542,0,0,0,0,0
33.248284750,0,0,0,1,0
33.248720417,0,0,0,0,0
33.298756625,0,0,0,1,0
33.299192292,0,0,0,0,0
33.349239375,0,0,0,1,0
33.349681125,0,0,0,0,0
33.399717625,0,0,0,1,0
33.400153292,0,0,0,0,0
33.450200500,0,0,1,0,0
33.450316625,0,0,0,0,0
33.450327500,1,0,0,0,0
33.472337083,0,0,0,0,0
33.472347625,0,1,0,0,0
33.472459500,0,0,0,0,0
33.472477375,0,0,0,1,0
33.472913042,0,0,0,0,0
33.472929917,0,0,0,0,1
33.528448792,0,0,0,0,0
33.528466667,0,0,0,1,0
33.528908417,0,0,0,0,0
33.551158375,0,0,0,1,0
33.551594042,0,0,0,0,0
33.601641125,0,0,0,1,0
33.602076792,0,0,0,0,0
33.652123875,0,0,0,1,0
33.652565917,0,0,0,0,0
33.702606917,0,0,0,1,0
33.703048667,0,0,0,0,0
33.753084875,0,0,0,1,0
33.753520542,0,0,0,0,0
33.803556750,0,0,0,1,0
33.803992417,0,0,0,0,0
33.854039500,0,0,0,1,0
33.854481250,0,0,0,0,0
33.904517417,0,0,0,1,0
33.904953125,0,0,0,0,0
33.954997417,0,1,0,0,0
33.955115542,0,0,0,0,0
33.955126417,1,0,0,0,0
34.016016750,0,0,0,0,0
34.016030500,0,0,1,0,0
34.016148792,0,0,0,0,0
34.016166667,0,0,0,1,0
34.016602375,0,0,0,0,0
34.016619250,0,0,0,0,1
34.072139042,0,0,0,0,0
34.072156917,0,0,0,1,0
34.072598667,0,0,0,0,0
34.106443000,0,0,0,1,0
34.106878667,0,0,0,0,0
34.156925750,0,0,0,1,0
34.157367500,0,0,0,0,0
34.207397625,0,0,0,1,0
34.207839667,0,0,0,0,0
34.257886750,0,0,0,1,0
34.258322417,0,0,0,0,0
34.308358625,0,0,0,1,0
34.308794292,0,0,0,0,0
34.358841375,0,0,0,1,0
34.359283125,0,0,0,0,0
34.409319292,0,0,0,1,0
34.409755000,0,0,0,0,0
34.459799000,0,1,0,0,0
34.459915542,0,0,0,0,0
34.459926417,1,0,0,0,0
34.520807250,0,0,0,0,0
34.520821000,0,0,1,0,0
34.520932875,0,0,0,0,0
34.520950750,0,0,0,1,0
34.521386417,0,0,0,0,0
34.521403292,0,0,0,0,1
34.576914375,0,0,0,0,0
34.576932250,0,0,0,1,0
34.577374000,0,0,0,0,0
34.611240042,0,0,0,1,0
34.611675750,0,0,0,0,0
34.661722792,0,0,0,1,0
34.662164542,0,0,0,0,0
34.712205542,0,0,0,1,0
34.712647292,0,0,0,0,0
34.762683792,0,0,0,1,0
34.763119500,0,0,0,0,0
34.813166542,0,0,0,1,0
34.813602250,0,0,0,0,0
34.863638417,0,0,0,1,0
34.864080167,0,0,0,0,0
34.914116375,0,0,0,1,0
34.914552042,0,0,0,0,0
34.964599250,0,0,1,0,0
34.964716625,0,0,0,0,0
34.964727500,1,0,0,0,0
34.986734917,0,0,0,0,0
34.986745500,0,1,0,0,0
34.986859667,0,0,0,0,0
34.986877542,0,0,0,1,0
34.987313250,0,0,0,0,0
34.987330125,0,0,0,0,1
35.042852417,0,0,0,0,0
35.042870292,0,0,0,1,0
35.043312042,0,0,0,0,0
35.065567125,0,0,0,1,0
35.066008875,0,0,0,0,0
35.116045042,0,0,0,1,0
35.116480750,0,0,0,0,0
35.166516917,0,0,0,1,0
35.166952625,0,0,0,0,0
35.216999667,0,0,0,1,0
35.217441417,0,0,0,0,0
35.267477625,0,0,0,1,0
35.267913292,0,0,0,0,0
35.317960667,0,0,0,1,0
35.318396375,0,0,0,0,0
35.368443417,0,0,0,1,0
35.368885167,0,0,0,0,0
35.418921375,0,0,0,1,0
35.419357042,0,0,0,0,0
35.469401375,1,0,0,0,0
35.530292417,0,0,0,0,0
35.530303000,0,1,0,0,0
35.530419542,0,0,0,0,0
35.530433292,0,0,1,0,0
35.530548625,0,0,0,0,0
35.530566500,0,0,0,1,0
35.531002167,0,0,0,0,0
35.531019042,0,0,0,0,1
35.586518875,0,0,0,0,0
35.586536750,0,0,0,1,0
35.586978500,0,0,0,0,0
35.620844542,0,0,0,1,0
35.621280250,0,0,0,0,0
35.671316417,0,0,0,1,0
35.671752125,0,0,0,0,0
35.721799167,0,0,0,1,0
35.722240917,0,0,0,0,0
35.772277125,0,0,0,1,0
35.772712792,0,0,0,0,0
35.822759875,0,0,0,1,0
35.823195542,0,0,0,0,0
35.873242917,0,0,0,1,0
35.873684667,0,0,0,0,0
35.923731750,0,0,0,1,0
35.924167417,0,0,0,0,0
35.974200875,1,0,0,0,0
36.035092375,0,0,0,0,0
36.035102917,0,1,0,0,0
36.035219500,0,0,0,0,0
36.035233250,0,0,1,0,0
36.035348875,0,0,0,0,0
36.035366750,0,0,0,1,0
36.035802417,0,0,0,0,0
36.035819292,0,0,0,0,1
36.091324417,0,0,0,0,0
36.091342292,0,0,0,1,0
36.091784042,0,0,0,0,0
36.125638917,0,0,0,1,0
36.126074625,0,0,0,0,0
36.176122000,0,0,0,1,0
36.176557667,0,0,0,0,0
36.226604750,0,0,0,1,0
36.227046500,0,0,0,0,0
36.277082667,0,0,0,1,0
36.277518375,0,0,0,0,0
36.327565417,0,0,0,1,0
36.328001125,0,0,0,0,0
36.378037292,0,0,0,1,0
36.378479042,0,0,0,0,0
36.428520375,0,0,0,1,0
36.428962125,0,0,0,0,0
36.479002542,0,0,0,1,0
36.479438250,0,0,0,0,0
36.479449125,1,0,0,0,0
36.501457875,0,0,0,0,0
36.501468417,0,1,0,0,0
36.501579667,0,0,0,0,0
36.501593417,0,0,1,0,0
36.501708625,0,0,0,0,0
36.501725500,0,0,0,0,1
36.557251875,0,0,0,0,0
36.557269750,0,0,0,1,0
36.557711500,0,0,0,0,0
36.579966250,0,0,0,1,0
36.580408000,0,0,0,0,0
36.630444167,0,0,0,1,0
36.630879875,0,0,0,0,0
36.680926917,0,0,0,1,0
36.681362625,0,0,0,0,0
36.731399125,0,0,0,1,0
36.731840875,0,0,0,0,0
36.781877042,0,0,0,1,0
36.782312750,0,0,0,0,0
36.832359792,0,0,0,1,0
36.832795500,0,0,0,0,0
36.882842542,0,0,0,1,0
36.883284292,0,0,0,0,0
36.933325292,0,0,0,1,0
36.933767042,0,0,0,0,0
36.983800792,1,0,0,0,0
37.044692000,0,0,0,0,0
37.044702542,0,1,0,0,0
37.044819750,0,0,0,0,0
37.044833500,0,0,1,0,0
37.044948667,0,0,0,0,0
37.044966542,0,0,0,1,0
37.045408292,0,0,0,0,0
37.045425167,0,0,0,0,1
37.100927500,0,0,0,0,0
37.100945375,0,0,0,1,0
37.101387125,0,0,0,0,0
37.135242292,0,0,0,1,0
37.135678000,0,0,0,0,0
37.185725042,0,0,0,1,0
37.186160750,0,0,0,0,0
37.236196917,0,0,0,1,0
37.236639000,0,0,0,0,0
37.286686042,0,0,0,1,0
37.287121750,0,0,0,0,0
37.337157917,0,0,0,1,0
37.337593625,0,0,0,0,0
37.387640667,0,0,0,1,0
37.388082417,0,0,0,0,0
37.438123417,0,0,0,1,0
37.438565167,0,0,0,0,0
37.488598292,0,1,0,0,0
37.488715500,0,0,0,0,0
37.488726375,1,0,0,0,0
37.549614000,0,0,0,0,0
37.549627750,0,0,1,0,0
37.549740750,0,0,0,0,0
37.549758625,0,0,0,1,0
37.550200375,0,0,0,0,0
37.550217250,0,0,0,0,1
37.605719542,0,0,0,0,0
37.605737417,0,0,0,1,0
37.606179167,0,0,0,0,0
37.640045250,0,0,0,1,0
37.640480917,0,0,0,0,0
37.690517125,0,0,0,1,0
37.690952792,0,0,0,0,0
37.740999875,0,0,0,1,0
37.741441625,0,0,0,0,0
37.791482625,0,0,0,1,0
37.791924667,0,0,0,0,0
37.841960875,0,0,0,1,0
37.842396542,0,0,0,0,0
37.892443625,0,0,0,1,0
37.892885375,0,0,0,0,0
37.942926375,0,0,0,1,0
37.943368125,0,0,0,0,0
37.993401542,1,0,0,0,0
38.015363292,0,0,0,0,0
38.015373875,0,1,0,0,0
38.015491667,0,0,0,0,0
38.015505417,0,0,1,0,0
38.015620625,0,0,0,0,0
38.015638500,0,0,0,1,0
38.016080250,0,0,0,0,0
38.016097125,0,0,0,0,1
38.071630667,0,0,0,0,0
38.071648542,0,0,0,1,0
38.072090292,0,0,0,0,0
38.094367125,0,0,0,1,0
38.094808875,0,0,0,0,0
38.144845042,0,0,0,1,0
38.145280750,0,0,0,0,0
38.195316917,0,0,0,1,0
38.195752625,0,0,0,0,0
38.245799667,0,0,0,1,0
38.246241417,0,0,0,0,0
38.296282417,0,0,0,1,0
38.296724167,0,0,0,0,0
38.346760667,0,0,0,1,0
38.347196375,0,0,0,0,0
38.397243417,0,0,0,1,0
38.397679125,0,0,0,0,0
38.447726167,0,0,0,1,0
38.448167917,0,0,0,0,0
38.498201375,1,0,0,0,0
38.559092125,0,0,0,0,0
38.559102667,0,1,0,0,0
38.559219542,0,0,0,0,0
38.559233292,0,0,1,0,0
38.559348792,0,0,0,0,0
38.559366667,0,0,0,1,0
38.559808750,0,0,0,0,0
38.559825625,0,0,0,0,1
38.615327917,0,0,0,0,0
38.615345792,0,0,0,1,0
38.615781500,0,0,0,0,0
38.649642750,0,0,0,1,0
38.650078417,0,0,0,0,0
38.700125500,0,0,0,1,0
38.700561167,0,0,0,0,0
38.750597375,0,0,0,1,0
38.751039125,0,0,0,0,0
38.801080125,0,0,0,1,0
38.801521875,0,0,0,0,0
38.851558042,0,0,0,1,0
38.851993750,0,0,0,0,0
38.902041125,0,0,0,1,0
38.902476792,0,0,0,0,0
38.952523875,0,0,0,1,0
38.952965625,0,0,0,0,0
39.002998750,0,1,0,0,0
39.003115625,0,0,0,0,0
39.003126500,1,0,0,0,0
39.064013792,0,0,0,0,0
39.064027542,0,0,1,0,0
39.064140875,0,0,0,0,0
39.064158750,0,0,0,1,0
39.064600500,0,0,0,0,0
39.064617375,0,0,0,0,1
39.120126375,0,0,0,0,0
39.120144250,0,0,0,1,0
39.120579917,0,0,0,0,0
39.154451750,0,0,0,1,0
39.154887417,0,0,0,0,0
39.204923917,0,0,0,1,0
39.205359625,0,0,0,0,0
39.255406667,0,0,0,1,0
39.255848417,0,0,0,0,0
39.305878542,0,0,0,1,0
39.306320292,0,0,0,0,0
39.356356500,0,0,0,1,0
39.356792167,0,0,0,0,0
39.406839250,0,0,0,1,0
39.407274917,0,0,0,0,0
39.457322292,0,0,0,1,0
39.457764042,0,0,0,0,0
39.507800375,0,0,1,0,0
39.507916792,0,0,0,0,0
39.507927667,1,0,0,0,0
39.529982583,0,0,0,0,0
39.529993125,0,1,0,0,0
39.530107500,0,0,0,0,0
39.530125375,0,0,0,1,0
39.530567125,0,0,0,0,0
39.530584000,0,0,0,0,1
39.586112875,0,0,0,0,0
39.586130750,0,0,0,1,0
39.586572500,0,0,0,0,0
39.608762000,0,0,0,1,0
39.609203750,0,0,0,0,0
39.659244750,0,0,0,1,0
39.659686500,0,0,0,0,0
39.709722667,0,0,0,1,0
39.710158375,0,0,0,0,0
39.760205750,0,0,0,1,0
39.760647500,0,0,0,0,0
39.810677625,0,0,0,1,0
39.811119375,0,0,0,0,0
39.861166417,0,0,0,1,0
39.861602125,0,0,0,0,0
39.911638292,0,0,0,1,0
39.912074000,0,0,0,0,0
39.962121042,0,0,0,1,0
39.962562792,0,0,0,0,0
40.012599417,0,0,1,0,0
40.012716792,0,0,0,0,0
40.012727667,1,0,0,0,0
40.073618542,0,0,0,0,0
40.073629125,0,1,0,0,0
40.073739750,0,0,0,0,0
40.073757625,0,0,0,1,0
40.074199375,0,0,0,0,0
40.074216250,0,0,0,0,1
40.129722292,0,0,0,0,0
40.129740167,0,0,0,1,0
40.130175875,0,0,0,0,0
40.164041917,0,0,0,1,0
40.164483667,0,0,0,0,0
40.214519875,0,0,0,1,0
40.214955542,0,0,0,0,0
40.265002625,0,0,0,1,0
40.265438292,0,0,0,0,0
40.315485667,0,0,0,1,0
40.315927417,0,0,0,0,0
40.365963625,0,0,0,1,0
40.366399292,0,0,0,0,0
40.416446375,0,0,0,1,0
40.416882042,0,0,0,0,0
40.466918250,0,0,0,1,0
40.467360000,0,0,0,0,0
40.517404000,0,1,0,0,0
40.517515542,0,0,0,0,0
40.517526417,1,0,0,0,0
40.578414542,0,0,0,0,0
40.578428292,0,0,1,0,0
40.578540667,0,0,0,0,0
40.578558542,0,0,0,1,0
40.579000292,0,0,0,0,0
40.579017167,0,0,0,0,1
40.634507000,0,0,0,0,0
40.634524875,0,0,0,1,0
40.634960542,0,0,0,0,0
40.668837500,0,0,0,1,0
40.669279250,0,0,0,0,0
40.719326292,0,0,0,1,0
40.719762000,0,0,0,0,0
40.769798167,0,0,0,1,0
40.770233875,0,0,0,0,0
40.820280917,0,0,0,1,0
40.820723000,0,0,0,0,0
40.870759167,0,0,0,1,0
40.871194875,0,0,0,0,0
40.921241917,0,0,0,1,0
40.921677625,0,0,0,0,0
40.971724667,0,0,0,1,0
40.972166417,0,0,0,0,0
41.022200792,0,0,0,1,0
41.022642542,0,0,0,0,0
41.022653417,1,0,0,0,0
41.044661250,0,0,0,0,0
41.044671792,0,1,0,0,0
41.044787542,0,0,0,0,0
41.044801292,0,0,1,0,0
41.044916792,0,0,0,0,0
41.044933667,0,0,0,0,1
41.100460042,0,0,0,0,0
41.100477917,0,0,0,1,0
41.100913625,0,0,0,0,0
41.123163875,0,0,0,1,0
41.123605625,0,0,0,0,0
41.173646625,0,0,0,1,0
41.174088375,0,0,0,0,0
41.224124542,0,0,0,1,0
41.224560250,0,0,0,0,0
41.274596417,0,0,0,1,0
41.275032125,0,0,0,0,0
41.325079167,0,0,0,1,0
41.325520917,0,0,0,0,0
41.375557417,0,0,0,1,0
41.375993125,0,0,0,0,0
41.426040167,0,0,0,1,0
41.426475875,0,0,0,0,0
41.476522917,0,0,0,1,0
41.476964667,0,0,0,0,0
41.526998042,0,0,0,0,1
41.582503917,0,0,0,0,0
41.582514792,1,0,0,0,0
41.643395625,0,0,0,0,0
41.643406167,0,1,0,0,0
41.643523667,0,0,0,0,0
41.643537417,0,0,1,0,0
41.643652625,0,0,0,0,0
41.643670500,0,0,0,1,0
41.644112250,0,0,0,0,0
41.678445917,0,0,0,1,0
41.678887667,0,0,0,0,0
41.728923875,0,0,0,1,0
41.729359542,0,0,0,0,0
41.779406625,0,0,0,1,0
41.779842292,0,0,0,0,0
41.829878500,0,0,0,1,0
41.830320250,0,0,0,0,0
41.880356417,0,0,0,1,0
41.880792125,0,0,0,0,0
41.930839500,0,0,0,1,0
41.931275167,0,0,0,0,0
41.981322250,0,0,0,1,0
41.981764000,0,0,0,0,0
42.031802250,1,0,0,0,0
42.092692250,0,0,0,0,0
42.092702792,0,1,0,0,0
42.092819667,0,0,0,0,0
42.092833417,0,0,1,0,0
42.092948625,0,0,0,0,0
42.092966500,0,0,0,1,0
42.093408250,0,0,0,0,0
42.093425125,0,0,0,0,1
42.148940250,0,0,0,0,0
42.148958125,0,0,0,1,0
42.149393792,0,0,0,0,0
42.183237792,0,0,0,1,0
42.183679542,0,0,0,0,0
42.233726917,0,0,0,1,0
42.234162625,0,0,0,0,0
42.284198792,0,0,0,1,0
42.284634500,0,0,0,0,0
42.334681542,0,0,0,1,0
42.335123292,0,0,0,0,0
42.385170375,0,0,0,1,0
42.385606042,0,0,0,0,0
42.435642250,0,0,0,1,0
42.436077917,0,0,0,0,0
42.486125292,0,0,0,1,0
42.486567042,0,0,0,0,0
42.536601417,0,0,0,1,0
42.537043167,0,0,0,0,0
42.537054042,1,0,0,0,0
42.559106167,0,0,0,0,0
42.559116750,0,1,0,0,0
42.559227667,0,0,0,0,0
42.559247500,0,0,1,0,0
42.559364875,0,0,0,0,0
42.559381750,0,0,0,0,1
42.614908125,0,0,0,0,0
42.614926000,0,0,0,1,0
42.615361667,0,0,0,0,0
42.637557250,0,0,0,1,0
42.637992917,0,0,0,0,0
42.688040000,0,0,0,1,0
42.688481750,0,0,0,0,0
42.738517917,0,0,0,1,0
42.738953625,0,0,0,0,0
42.789001000,0,0,0,1,0
42.789436667,0,0,0,0,0
42.839483750,0,0,0,1,0
42.839925500,0,0,0,0,0
42.889966500,0,0,0,1,0
42.890408250,0,0,0,0,0
42.940444417,0,0,0,1,0
42.940880125,0,0,0,0,0
42.990927167,0,0,0,1,0
42.991368917,0,0,0,0,0
43.041399500,0,0,1,0,0
43.041516875,0,0,0,0,0
43.041527750,1,0,0,0,0
43.102421292,0,0,0,0,0
43.102431875,0,1,0,0,0
43.102547500,0,0,0,0,0
43.102565375,0,0,0,1,0
43.103007125,0,0,0,0,0
43.103024000,0,0,0,0,1
43.158531292,0,0,0,0,0
43.158549167,0,0,0,1,0
43.158984875,0,0,0,0,0
43.192840042,0,0,0,1,0
43.193281792,0,0,0,0,0
43.243318000,0,0,0,1,0
43.243753667,0,0,0,0,0
43.293800750,0,0,0,1,0
43.294236417,0,0,0,0,0
43.344283792,0,0,0,1,0
43.344725542,0,0,0,0,0
43.394766542,0,0,0,1,0
43.395208292,0,0,0,0,0
43.445244500,0,0,0,1,0
43.445680167,0,0,0,0,0
43.495716375,0,0,0,1,0
43.496152042,0,0,0,0,0
43.546199250,0,0,1,0,0
43.546316625,0,0,0,0,0
43.546327500,1,0,0,0,0
43.607217792,0,0,0,0,0
43.607228375,0,1,0,0,0
43.607339625,0,0,0,0,0
43.607357500,0,0,0,1,0
43.607793167,0,0,0,0,0
43.607816125,0,0,0,0,1
43.663309667,0,0,0,0,0
43.663327542,0,0,0,1,0
43.663763250,0,0,0,0,0
43.697640167,0,0,0,1,0
43.698081917,0,0,0,0,0
43.748129000,0,0,0,1,0
43.748564667,0,0,0,0,0
43.798600875,0,0,0,1,0
43.799036542,0,0,0,0,0
43.849083625,0,0,0,1,0
43.849525375,0,0,0,0,0
43.899566667,0,0,0,1,0
43.900008417,0,0,0,0,0
43.950044625,0,0,0,1,0
43.950480292,0,0,0,0,0
44.000516500,0,0,0,1,0
44.000952167,0,0,0,0,0
44.050999375,0,0,1,0,0
44.051116750,0,0,0,0,0
44.051127625,1,0,0,0,0
44.073087875,0,0,0,0,0
44.073098417,0,1,0,0,0
44.073211542,0,0,0,0,0
44.073229417,0,0,0,1,0
44.073665125,0,0,0,0,0
44.073682000,0,0,0,0,1
44.129207875,0,0,0,0,0
44.129225750,0,0,0,1,0
44.129661417,0,0,0,0,0
44.151966042,0,0,0,1,0
44.152401750,0,0,0,0,0
44.202437917,0,0,0,1,0
44.202879667,0,0,0,0,0
44.252920667,0,0,0,1,0
44.253362417,0,0,0,0,0
44.303398625,0,0,0,1,0
44.303834292,0,0,0,0,0
44.353881375,0,0,0,1,0
44.354323125,0,0,0,0,0
44.404364125,0,0,0,1,0
44.404806167,0,0,0,0,0
44.454842375,0,0,0,1,0
44.455278042,0,0,0,0,0
44.505325125,0,0,0,1,0
44.505760792,0,0,0,0,0
44.555801250,0,0,0,1,0
44.556243000,0,0,0,0,0
44.556253875,1,0,0,0,0
44.617141500,0,0,0,0,0
44.617152042,0,1,0,0,0
44.617267667,0,0,0,0,0
44.617281417,0,0,1,0,0
44.617396625,0,0,0,0,0
44.617414500,0,0,0,1,0
44.617856250,0,0,0,0,0
44.617873125,0,0,0,0,1
44.673393250,0,0,0,0,0
44.673411125,0,0,0,1,0
44.673852875,0,0,0,0,0
44.707245250,0,0,0,1,0
44.707687000,0,0,0,0,0
44.757717125,0,0,0,1,0
44.758158875,0,0,0,0,0
44.808205917,0,0,0,1,0
44.808641625,0,0,0,0,0
44.858677792,0,0,0,1,0
44.859113500,0,0,0,0,0
44.909160542,0,0,0,1,0
44.909602292,0,0,0,0,0
44.959638792,0,0,0,1,0
44.960074500,0,0,0,0,0
45.010121542,0,0,0,1,0
45.010557250,0,0,0,0,0
45.060601542,1,0,0,0,0
45.121491542,0,0,0,0,0
45.121502125,0,1,0,0,0
45.121619625,0,0,0,0,0
45.121633375,0,0,1,0,0
45.121748875,0,0,0,0,0
45.121766750,0,0,0,1,0
45.122202417,0,0,0,0,0
45.122219292,0,0,0,0,1
45.176944750,0,0,0,0,0
45.176962625,0,0,0,1,0
45.177398292,0,0,0,0,0
45.212042250,0,0,0,1,0
45.212484000,0,0,0,0,0
45.262525292,0,0,0,1,0
45.262967042,0,0,0,0,0
45.313003250,0,0,0,1,0
45.313438917,0,0,0,0,0
45.363486000,0,0,0,1,0
45.363921667,0,0,0,0,0
45.413957875,0,0,0,1,0
45.414399625,0,0,0,0,0
45.464446667,0,0,0,1,0
45.464882375,0,0,0,0,0
45.514918875,0,0,0,1,0
45.515354542,0,0,0,0,0
45.565398542,0,1,0,0,0
45.565515750,0,0,0,0,0
45.565526625,1,0,0,0,0
45.587628833,0,0,0,0,0
45.587642542,0,0,1,0,0
45.587756792,0,0,0,0,0
45.587774667,0,0,0,1,0
45.588210375,0,0,0,0,0
45.588233292,0,0,0,0,1
45.643760917,0,0,0,0,0
45.643778792,0,0,0,1,0
45.644214500,0,0,0,0,0
45.666366542,0,0,0,1,0
45.666802250,0,0,0,0,0
45.716838417,0,0,0,1,0
45.717280167,0,0,0,0,0
45.767321167,0,0,0,1,0
45.767762917,0,0,0,0,0
45.817799417,0,0,0,1,0
45.818235125,0,0,0,0,0
45.868282167,0,0,0,1,0
45.868717875,0,0,0,0,0
45.918764917,0,0,0,1,0
45.919206667,0,0,0,0,0
45.969242875,0,0,0,1,0
45.969678542,0,0,0,0,0
46.019725625,0,0,0,1,0
46.020161292,0,0,0,0,0
46.070202042,0,0,0,1,0
46.070643792,0,0,0,0,0
46.070654667,1,0,0,0,0
46.131545417,0,0,0,0,0
46.131556000,0,1,0,0,0
46.131667542,0,0,0,0,0
46.131681292,0,0,1,0,0
46.131796792,0,0,0,0,0
46.131814667,0,0,0,1,0
46.132256417,0,0,0,0,0
46.132273292,0,0,0,0,1
46.187806875,0,0,0,0,0
46.187824750,0,0,0,1,0
46.188260417,0,0,0,0,0
46.221637125,0,0,0,1,0
46.222072792,0,0,0,0,0
46.272119875,0,0,0,1,0
46.272561625,0,0,0,0,0
46.322597792,0,0,0,1,0
46.323033500,0,0,0,0,0
46.373080875,0,0,0,1,0
46.373516542,0,0,0,0,0
46.423563625,0,0,0,1,0
46.424005375,0,0,0,0,0
46.474041542,0,0,0,1,0
46.474477250,0,0,0,0,0
46.524524292,0,0,0,1,0
46.524960000,0,0,0,0,0
46.574999417,0,0,0,0,1
46.630494542,0,0,0,0,0
46.630505417,1,0,0,0,0
46.691384750,0,0,0,0,0
46.691395292,0,1,0,0,0
46.691507500,0,0,0,0,0
46.691521250,0,0,1,0,0
46.691636750,0,0,0,0,0
46.691654625,0,0,0,1,0
46.692090292,0,0,0,0,0
46.726440917,0,0,0,1,0
46.726876625,0,0,0,0,0
46.776923667,0,0,0,1,0
46.777365417,0,0,0,0,0
46.827401625,0,0,0,1,0
46.827837292,0,0,0,0,0
46.877884375,0,0,0,1,0
46.878320042,0,0,0,0,0
46.928356542,0,0,0,1,0
46.928798292,0,0,0,0,0
46.978845375,0,0,0,1,0
46.979281042,0,0,0,0,0
47.029317250,0,0,0,1,0
47.029752917,0,0,0,0,0
47.079800125,0,0,1,0,0
47.079916875,0,0,0,0,0
47.079927750,1,0,0,0,0
47.101981417,0,0,0,0,0
47.101992000,0,1,0,0,0
47.102107625,0,0,0,0,0
47.102125500,0,0,0,1,0
47.102561167,0,0,0,0,0
47.102578042,0,0,0,0,1
47.158108917,0,0,0,0,0
47.158126792,0,0,0,1,0
47.158562500,0,0,0,0,0
47.180758375,0,0,0,1,0
47.181194042,0,0,0,0,0
47.231241125,0,0,0,1,0
47.231676792,0,0,0,0,0
47.281723875,0,0,0,1,0
47.282165625,0,0,0,0,0
47.332201792,0,0,0,1,0
47.332637500,0,0,0,0,0
47.382684542,0,0,0,1,0
47.383120250,0,0,0,0,0
47.433156417,0,0,0,1,0
47.433598167,0,0,0,0,0
47.483639500,0,0,0,1,0
47.484081250,0,0,0,0,0
47.534117417,0,0,0,1,0
47.534553125,0,0,0,0,0
47.584600292,0,0,1,0,0
47.584716750,0,0,0,0,0
47.584727625,1,0,0,0,0
47.645617625,0,0,0,0,0
47.645628167,0,1,0,0,0
47.645739750,0,0,0,0,0
47.645757625,0,0,0,1,0
47.646193292,0,0,0,0,0
47.646210167,0,0,0,0,1
47.701691542,0,0,0,0,0
47.701709417,0,0,0,1,0
47.702151167,0,0,0,0,0
47.736039000,0,0,0,1,0
47.736474667,0,0,0,0,0
47.786521750,0,0,0,1,0
47.786963500,0,0,0,0,0
47.836999667,0,0,0,1,0
47.837435375,0,0,0,0,0
47.887482417,0,0,0,1,0
47.887918125,0,0,0,0,0
47.937965167,0,0,0,1,0
47.938406917,0,0,0,0,0
47.988437042,0,0,0,1,0
47.988879125,0,0,0,0,0
48.038926167,0,0,0,1,0
48.039361875,0,0,0,0,0
48.089402292,0,0,0,1,0
48.089838000,0,0,0,0,0
48.089848875,1,0,0,0,0
48.150746292,0,0,0,0,0
48.150756875,0,1,0,0,0
48.150867500,0,0,0,0,0
48.150881250,0,0,1,0,0
48.150996750,0,0,0,0,0
48.151014625,0,0,0,1,0
48.151456375,0,0,0,0,0
48.151473250,0,0,0,0,1
48.206985875,0,0,0,0,0
48.207003750,0,0,0,1,0
48.207439417,0,0,0,0,0
48.240837542,0,0,0,1,0
48.241273250,0,0,0,0,0
48.291320625,0,0,0,1,0
48.291762375,0,0,0,0,0
48.341798542,0,0,0,1,0
48.342234250,0,0,0,0,0
48.392281292,0,0,0,1,0
48.392717000,0,0,0,0,0
48.442764042,0,0,0,1,0
48.443205792,0,0,0,0,0
48.493246792,0,0,0,1,0
48.493688542,0,0,0,0,0
48.543725042,0,0,0,1,0
48.544160750,0,0,0,0,0
48.594201167,0,0,0,1,0
48.594636875,0,0,0,0,0
48.594647750,1,0,0,0,0
48.616701500,0,0,0,0,0
48.616712042,0,1,0,0,0
48.616827667,0,0,0,0,0
48.616841417,0,0,1,0,0
48.616956625,0,0,0,0,0
48.616973500,0,0,0,0,1
48.672498625,0,0,0,0,0
48.672522542,0,0,0,1,0
48.672958250,0,0,0,0,0
48.695164667,0,0,0,1,0
48.695600375,0,0,0,0,0
48.745636542,0,0,0,1,0
48.746072250,0,0,0,0,0
48.796119292,0,0,0,1,0
48.796561042,0,0,0,0,0
48.846608417,0,0,0,1,0
48.847044125,0,0,0,0,0
48.897080292,0,0,0,1,0
48.897516000,0,0,0,0,0
48.947563042,0,0,0,1,0
48.948004792,0,0,0,0,0
48.998045792,0,0,0,1,0
48.998487542,0,0,0,0,0
49.048523750,0,0,0,1,0
49.048959417,0,0,0,0,0
49.098999167,0,0,0,0,1
49.154491500,0,0,0,0,0
49.154502375,1,0,0,0,0
49.215382000,0,0,0,0,0
49.215392542,0,1,0,0,0
49.215507542,0,0,0,0,0
49.215521292,0,0,1,0,0
49.215636792,0,0,0,0,0
49.215654667,0,0,0,1,0
49.216090375,0,0,0,0,0
49.250441000,0,0,0,1,0
49.250876667,0,0,0,0,0
49.300923750,0,0,0,1,0
49.301365500,0,0,0,0,0
49.351406500,0,0,0,1,0
49.351848250,0,0,0,0,0
49.401884750,0,0,0,1,0
49.402320417,0,0,0,0,0
49.452356625,0,0,0,1,0
49.452792292,0,0,0,0,0
49.502839375,0,0,0,1,0
49.503281125,0,0,0,0,0
49.553317292,0,0,0,1,0
49.553753000,0,0,0,0,0
49.603800167,0,0,1,0,0
49.603916625,0,0,0,0,0
49.603927500,1,0,0,0,0
49.664818250,0,0,0,0,0
49.664828792,0,1,0,0,0
49.664939750,0,0,0,0,0
49.664957625,0,0,0,1,0
49.665393292,0,0,0,0,0
49.665410167,0,0,0,0,1
49.720920000,0,0,0,0,0
49.720937875,0,0,0,1,0
49.721379625,0,0,0,0,0
49.755245667,0,0,0,1,0
49.755681375,0,0,0,0,0
49.805717542,0,0,0,1,0
49.806159292,0,0,0,0,0
49.856200292,0,0,0,1,0
49.856642042,0,0,0,0,0
49.906678250,0,0,0,1,0
49.907113917,0,0,0,0,0
49.957161292,0,0,0,1,0
49.957597000,0,0,0,0,0
50.007644042,0,0,0,1,0
50.008085792,0,0,0,0,0
50.058122000,0,0,0,1,0
50.058557667,0,0,0,0,0
50.108602000,1,0,0,0,0
50.130708750,0,0,0,0,0
50.130719292,0,1,0,0,0
50.130835542,0,0,0,0,0
50.130849292,0,0,1,0,0
50.130964792,0,0,0,0,0
50.130982667,0,0,0,1,0
50.131418375,0,0,0,0,0
50.131435250,0,0,0,0,1
50.186955042,0,0,0,0,0
50.186972917,0,0,0,1,0
50.187414667,0,0,0,0,0
50.209567042,0,0,0,1,0
50.210002750,0,0,0,0,0
50.260038917,0,0,0,1,0
50.260474625,0,0,0,0,0
50.310521667,0,0,0,1,0
50.310963417,0,0,0,0,0
50.361004417,0,0,0,1,0
50.361446167,0,0,0,0,0
50.411482375,0,0,0,1,0
50.411918042,0,0,0,0,0
50.461965125,0,0,0,1,0
50.462400792,0,0,0,0,0
50.512437292,0,0,0,1,0
50.512879042,0,0,0,0,0
50.562926125,0,0,0,1,0
50.563361792,0,0,0,0,0
50.613402250,0,0,0,1,0
50.613837917,0,0,0,0,0
50.613848792,1,0,0,0,0
50.674738792,0,0,0,0,0
50.674749375,0,1,0,0,0
50.674867500,0,0,0,0,0
50.674881250,0,0,1,0,0
50.674996750,0,0,0,0,0
50.675014625,0,0,0,1,0
50.675450292,0,0,0,0,0
50.675473250,0,0,0,0,1
50.730994625,0,0,0,0,0
50.731012500,0,0,0,1,0
50.731448167,0,0,0,0,0
50.764846625,0,0,0,1,0
50.765282292,0,0,0,0,0
50.815318500,0,0,0,1,0
50.815760250,0,0,0,0,0
50.865801250,0,0,0,1,0
50.866243000,0,0,0,0,0
50.916279167,0,0,0,1,0
50.916714875,0,0,0,0,0
50.966761917,0,0,0,1,0
50.967197625,0,0,0,0,0
51.017244667,0,0,0,1,0
51.017686417,0,0,0,0,0
51.067722917,0,0,0,1,0
51.068158625,0,0,0,0,0
51.118198042,0,0,0,0,1
51.173717875,0,0,0,0,0
51.173728750,1,0,0,0,0
51.234608667,0,0,0,0,0
51.234619250,0,1,0,0,0
51.234731750,0,0,0,0,0
51.234745500,0,0,1,0,0
51.234860667,0,0,0,0,0
51.234878542,0,0,0,1,0
51.235314250,0,0,0,0,0
51.269642792,0,0,0,1,0
51.270078500,0,0,0,0,0
51.320125875,0,0,0,1,0
51.320561542,0,0,0,0,0
51.370597750,0,0,0,1,0
51.371039500,0,0,0,0,0
51.421086542,0,0,0,1,0
51.421522250,0,0,0,0,0
51.471558417,0,0,0,1,0
51.471994125,0,0,0,0,0
51.522041167,0,0,0,1,0
51.522482917,0,0,0,0,0
51.572519417,0,0,0,1,0
51.572955125,0,0,0,0,0
51.622999125,0,1,0,0,0
51.623115667,0,0,0,0,0
51.623126542,1,0,0,0,0
51.645181875,0,0,0,0,0
51.645201667,0,0,1,0,0
51.645316875,0,0,0,0,0
51.645334750,0,0,0,1,0
51.645770417,0,0,0,0,0
51.645787292,0,0,0,0,1
51.701310250,0,0,0,0,0
51.701328125,0,0,0,1,0
51.701769875,0,0,0,0,0
51.723959375,0,0,0,1,0
51.724401125,0,0,0,0,0
51.774437292,0,0,0,1,0
51.774873000,0,0,0,0,0
51.824920042,0,0,0,1,0
51.825355750,0,0,0,0,0
51.875403125,0,0,0,1,0
51.875844875,0,0,0,0,0
51.925881042,0,0,0,1,0
51.926316750,0,0,0,0,0
51.976363792,0,0,0,1,0
51.976799500,0,0,0,0,0
52.026846542,0,0,0,1,0
52.027288292,0,0,0,0,0
52.077324500,0,0,0,1,0
52.077760167,0,0,0,0,0
52.127800917,0,0,0,1,0
52.128236625,0,0,0,0,0
52.128247500,1,0,0,0,0
52.189137625,0,0,0,0,0
52.189148167,0,1,0,0,0
52.189259750,0,0,0,0,0
52.189273500,0,0,1,0,0
52.189388667,0,0,0,0,0
52.189406542,0,0,0,1,0
52.189842250,0,0,0,0,0
52.189859125,0,0,0,0,1
52.245371250,0,0,0,0,0
52.245389125,0,0,0,1,0
52.245824792,0,0,0,0,0
52.279245000,0,0,0,1,0
52.279680667,0,0,0,0,0
52.329716875,0,0,0,1,0
52.330152542,0,0,0,0,0
52.380199625,0,0,0,1,0
52.380641375,0,0,0,0,0
52.430677875,0,0,0,1,0
52.431113542,0,0,0,0,0
52.481160625,0,0,0,1,0
52.481596292,0,0,0,0,0
52.531643375,0,0,0,1,0
52.532085125,0,0,0,0,0
52.582126125,0,0,0,1,0
52.582567875,0,0,0,0,0
52.632601292,1,0,0,0,0
52.693492667,0,0,0,0,0
52.693503250,0,1,0,0,0
52.693619500,0,0,0,0,0
52.693633250,0,0,1,0,0
52.693748750,0,0,0,0,0
52.693772667,0,0,0,1,0
52.694208375,0,0,0,0,0
52.694225250,0,0,0,0,1
52.749741292,0,0,0,0,0
52.749759167,0,0,0,1,0
52.750200917,0,0,0,0,0
52.784045250,0,0,0,1,0
52.784480917,0,0,0,0,0
52.834517125,0,0,0,1,0
52.834952792,0,0,0,0,0
52.884999875,0,0,0,1,0
52.885441625,0,0,0,0,0
52.935477792,0,0,0,1,0
52.935913500,0,0,0,0,0
52.985960875,0,0,0,1,0
52.986396542,0,0,0,0,0
53.036443625,0,0,0,1,0
53.036885375,0,0,0,0,0
53.086926375,0,0,0,1,0
53.087368125,0,0,0,0,0
53.137401542,1,0,0,0,0
53.159452750,0,0,0,0,0
53.159463292,0,1,0,0,0
53.159579542,0,0,0,0,0
53.159593292,0,0,1,0,0
53.159708625,0,0,0,0,0
53.159726500,0,0,0,1,0
53.160162167,0,0,0,0,0
53.160179042,0,0,0,0,1
53.215698875,0,0,0,0,0
53.215716750,0,0,0,1,0
53.216158500,0,0,0,0,0
53.238359167,0,0,0,1,0
53.238800917,0,0,0,0,0
53.288837125,0,0,0,1,0
53.289272792,0,0,0,0,0
53.339319875,0,0,0,1,0
53.339755542,0,0,0,0,0
53.389802625,0,0,0,1,0
53.390244375,0,0,0,0,0
53.440291417,0,0,0,1,0
53.440727125,0,0,0,0,0
53.490763292,0,0,0,1,0
53.491199000,0,0,0,0,0
53.541246375,0,0,0,1,0
53.541688125,0,0,0,0,0
53.591718250,0,0,0,1,0
53.592160000,0,0,0,0,0
53.642199417,0,0,0,0,1
53.697713000,0,0,0,0,0
53.697723875,1,0,0,0,0
53.758597417,0,0,0,0,0
53.758608000,0,1,0,0,0
53.758729667,0,0,0,0,0
53.758743417,0,0,1,0,0
53.758860792,0,0,0,0,0
53.758878667,0,0,0,1,0
53.759314375,0,0,0,0,0
53.793643250,0,0,0,1,0
53.794078917,0,0,0,0,0
53.844126000,0,0,0,1,0
53.844561667,0,0,0,0,0
53.894597875,0,0,0,1,0
53.895039625,0,0,0,0,0
53.945080625,0,0,0,1,0
53.945522375,0,0,0,0,0
53.995558542,0,0,0,1,0
53.995994250,0,0,0,0,0
54.046041292,0,0,0,1,0
54.046483042,0,0,0,0,0
54.096524375,0,0,0,1,0
54.096966125,0,0,0,0,0
54.146999250,0,1,0,0,0
54.147115500,0,0,0,0,0
54.147126375,1,0,0,0,0
54.208013542,0,0,0,0,0
54.208027292,0,0,1,0,0
54.208140625,0,0,0,0,0
54.208158500,0,0,0,1,0
54.208600250,0,0,0,0,0
54.208617125,0,0,0,0,1
54.264129750,0,0,0,0,0
54.264147625,0,0,0,1,0
54.264589375,0,0,0,0,0
54.298444250,0,0,0,1,0
54.298879917,0,0,0,0,0
54.348916417,0,0,0,1,0
54.349352125,0,0,0,0,0
54.399399167,0,0,0,1,0
54.399840917,0,0,0,0,0
54.449881917,0,0,0,1,0
54.450323667,0,0,0,0,0
54.500359875,0,0,0,1,0
54.500795542,0,0,0,0,0
54.550842625,0,0,0,1,0
54.551278292,0,0,0,0,0
54.601325375,0,0,0,1,0
54.601767125,0,0,0,0,0
54.651800875,1,0,0,0,0
54.673765750,0,0,0,0,0
54.673776292,0,1,0,0,0
54.673891625,0,0,0,0,0
54.673905375,0,0,1,0,0
54.674020875,0,0,0,0,0
54.674038750,0,0,0,1,0
54.674480500,0,0,0,0,0
54.674497375,0,0,0,0,1
54.730029667,0,0,0,0,0
54.730047542,0,0,0,1,0
54.730483250,0,0,0,0,0
54.752766125,0,0,0,1,0
54.753207875,0,0,0,0,0
54.803244042,0,0,0,1,0
54.803679750,0,0,0,0,0
54.853726792,0,0,0,1,0
54.854162500,0,0,0,0,0
54.904199000,0,0,0,1,0
54.904640750,0,0,0,0,0
54.954681750,0,0,0,1,0
54.955123500,0,0,0,0,0
55.005159667,0,0,0,1,0
55.005595375,0,0,0,0,0
55.055642417,0,0,0,1,0
55.056078125,0,0,0,0,0
55.106125167,0,0,0,1,0
55.106566917,0,0,0,0,0
55.156600667,1,0,0,0,0
55.217492042,0,0,0,0,0
55.217502625,0,1,0,0,0
55.217619500,0,0,0,0,0
55.217633250,0,0,1,0,0
55.217748750,0,0,0,0,0
55.217766625,0,0,0,1,0
55.218208375,0,0,0,0,0
55.218225250,0,0,0,0,1
55.273747542,0,0,0,0,0
55.273765417,0,0,0,1,0
55.274201125,0,0,0,0,0
55.308051500,0,0,0,1,0
55.308487167,0,0,0,0,0
55.358523375,0,0,0,1,0
55.358959042,0,0,0,0,0
55.409006125,0,0,0,1,0
55.409447875,0,0,0,0,0
55.459478292,0,0,0,1,0
55.459920042,0,0,0,0,0
55.509967125,0,0,0,1,0
55.510402792,0,0,0,0,0
55.560439000,0,0,0,1,0
55.560874667,0,0,0,0,0
55.610921750,0,0,0,1,0
55.611363500,0,0,0,0,0
55.661399792,0,0,1,0,0
55.661516875,0,0,0,0,0
55.661527750,1,0,0,0,0
55.722418917,0,0,0,0,0
55.722429500,0,1,0,0,0
55.722547625,0,0,0,0,0
55.722565500,0,0,0,1,0
55.723007250,0,0,0,0,0
55.723024125,0,0,0,0,1
55.778507667,0,0,0,0,0
55.778525542,0,0,0,1,0
55.778961250,0,0,0,0,0
55.812838167,0,0,0,1,0
55.813279917,0,0,0,0,0
55.863327000,0,0,0,1,0
55.863762667,0,0,0,0,0
55.913798875,0,0,0,1,0
55.914234542,0,0,0,0,0
55.964281625,0,0,0,1,0
55.964723375,0,0,0,0,0
56.014759875,0,0,0,1,0
56.015195542,0,0,0,0,0
56.065242625,0,0,0,1,0
56.065678292,0,0,0,0,0
56.115725375,0,0,0,1,0
56.116167125,0,0,0,0,0
56.166200542,1,0,0,0,0
56.188255625,0,0,0,0,0
56.188266167,0,1,0,0,0
56.188379625,0,0,0,0,0
56.188393375,0,0,1,0,0
56.188508875,0,0,0,0,0
56.188526750,0,0,0,1,0
56.188968500,0,0,0,0,0
56.188985375,0,0,0,0,1
56.244516417,0,0,0,0,0
56.244534292,0,0,0,1,0
56.244970000,0,0,0,0,0
56.267165875,0,0,0,1,0
56.267607625,0,0,0,0,0
56.317637750,0,0,0,1,0
56.318079500,0,0,0,0,0
56.368126542,0,0,0,1,0
56.368562250,0,0,0,0,0
56.418598417,0,0,0,1,0
56.419034125,0,0,0,0,0
56.469081167,0,0,0,1,0
56.469522917,0,0,0,0,0
56.519559125,0,0,0,1,0
56.519994792,0,0,0,0,0
56.570042167,0,0,0,1,0
56.570477875,0,0,0,0,0
56.620524917,0,0,0,1,0
56.620966667,0,0,0,0,0
56.671007125,0,0,0,1,0
56.671442792,0,0,0,0,0
56.671453667,1,0,0,0,0
56.732337625,0,0,0,0,0
56.732348167,0,1,0,0,0
56.732459542,0,0,0,0,0
56.732473292,0,0,1,0,0
56.732588792,0,0,0,0,0
56.732606667,0,0,0,1,0
56.733042375,0,0,0,0,0
56.733059250,0,0,0,0,1
56.788583125,0,0,0,0,0
56.788601000,0,0,0,1,0
56.789042750,0,0,0,0,0
56.822446000,0,0,0,1,0
56.822887750,0,0,0,0,0
56.872923917,0,0,0,1,0
56.873359625,0,0,0,0,0
56.923406667,0,0,0,1,0
56.923842375,0,0,0,0,0
56.973878542,0,0,0,1,0
56.974320292,0,0,0,0,0
57.024356500,0,0,0,1,0
57.024792167,0,0,0,0,0
57.074839250,0,0,0,1,0
57.075274917,0,0,0,0,0
57.125322292,0,0,0,1,0
57.125764042,0,0,0,0,0
57.175802292,1,0,0,0,0
57.236699542,0,0,0,0,0
57.236710125,0,1,0,0,0
57.236827625,0,0,0,0,0
57.236841375,0,0,1,0,0
57.236956875,0,0,0,0,0
57.236974750,0,0,0,1,0
57.237416500,0,0,0,0,0
57.237433375,0,0,0,0,1
57.292924750,0,0,0,0,0
57.292942625,0,0,0,1,0
57.293378292,0,0,0,0,0
57.327244042,0,0,0,1,0
57.327685792,0,0,0,0,0
57.377722292,0,0,0,1,0
57.378158000,0,0,0,0,0
57.428205042,0,0,0,1,0
57.428640750,0,0,0,0,0
57.478676917,0,0,0,1,0
57.479118667,0,0,0,0,0
57.529165750,0,0,0,1,0
57.529601417,0,0,0,0,0
57.579637625,0,0,0,1,0
57.580073292,0,0,0,0,0
57.630120375,0,0,0,1,0
57.630562125,0,0,0,0,0
57.680600667,1,0,0,0,0
57.702561000,0,0,0,0,0
57.702571542,0,1,0,0,0
57.702683750,0,0,0,0,0
57.702697500,0,0,1,0,0
57.702812667,0,0,0,0,0
57.702830542,0,0,0,1,0
57.703272292,0,0,0,0,0
57.703289167,0,0,0,0,1
57.758816500,0,0,0,0,0
57.758834375,0,0,0,1,0
57.759270042,0,0,0,0,0
57.781563792,0,0,0,1,0
57.781999500,0,0,0,0,0
57.832046542,0,0,0,1,0
57.832488292,0,0,0,0,0
57.882524500,0,0,0,1,0
57.882960167,0,0,0,0,0
57.932996667,0,0,0,1,0
57.933432375,0,0,0,0,0
57.983479417,0,0,0,1,0
57.983921167,0,0,0,0,0
58.033957375,0,0,0,1,0
58.034393042,0,0,0,0,0
58.084440125,0,0,0,1,0
58.084875792,0,0,0,0,0
58.134922875,0,0,0,1,0
58.135364625,0,0,0,0,0
58.185398000,0,0,0,0,1
58.240890417,0,0,0,0,0
58.240901292,1,0,0,0,0
58.301781667,0,0,0,0,0
58.301792250,0,1,0,0,0
58.301907542,0,0,0,0,0
58.301921292,0,0,1,0,0
58.302036792,0,0,0,0,0
58.302054667,0,0,0,1,0
58.302496417,0,0,0,0,0
58.336841000,0,0,0,1,0
58.337282750,0,0,0,0,0
58.387318917,0,0,0,1,0
58.387754625,0,0,0,0,0
58.437801667,0,0,0,1,0
58.438237375,0,0,0,0,0
58.488284750,0,0,0,1,0
58.488726500,0,0,0,0,0
58.538762667,0,0,0,1,0
58.539198375,0,0,0,0,0
58.589245417,0,0,0,1,0
58.589681125,0,0,0,0,0
58.639717292,0,0,0,1,0
58.640159042,0,0,0,0,0
58.690200167,0,0,1,0,0
58.690316750,0,0,0,0,0
58.690327625,1,0,0,0,0
58.751219292,0,0,0,0,0
58.751229875,0,1,0,0,0
58.751347667,0,0,0,0,0
58.751365542,0,0,0,1,0
58.751807292,0,0,0,0,0
58.751824167,0,0,0,0,1
58.807326500,0,0,0,0,0
58.807344375,0,0,0,1,0
58.807780042,0,0,0,0,0
58.841646125,0,0,0,1,0
58.842087875,0,0,0,0,0
58.892124042,0,0,0,1,0
58.892559750,0,0,0,0,0
58.942606792,0,0,0,1,0
58.943042500,0,0,0,0,0
58.993078667,0,0,0,1,0
58.993520417,0,0,0,0,0
59.043561750,0,0,0,1,0
59.044003500,0,0,0,0,0
59.094039667,0,0,0,1,0
59.094475375,0,0,0,0,0
59.144522417,0,0,0,1,0
59.144958125,0,0,0,0,0
59.194997542,0,0,0,0,1
59.250494667,0,0,0,0,0
59.250505542,1,0,0,0,0
59.272559500,0,0,0,0,0
59.272570042,0,1,0,0,0
59.272683500,0,0,0,0,0
59.272697250,0,0,1,0,0
59.272812750,0,0,0,0,0
59.272830625,0,0,0,1,0
59.273272375,0,0,0,0,0
59.295957625,0,0,0,1,0
59.296393292,0,0,0,0,0
59.346440375,0,0,0,1,0
59.346882125,0,0,0,0,0
59.396918292,0,0,0,1,0
59.397354000,0,0,0,0,0
59.447401042,0,0,0,1,0
59.447836750,0,0,0,0,0
59.497883792,0,0,0,1,0
59.498325542,0,0,0,0,0
59.548366542,0,0,0,1,0
59.548808292,0,0,0,0,0
59.598844792,0,0,0,1,0
59.599280500,0,0,0,0,0
59.649316667,0,0,0,1,0
59.649752375,0,0,0,0,0
59.699799542,0,0,1,0,0
59.699916625,0,0,0,0,0
59.699927500,1,0,0,0,0
59.760817500,0,0,0,0,0
59.760828042,0,1,0,0,0
59.760939625,0,0,0,0,0
59.760957500,0,0,0,1,0
59.761393167,0,0,0,0,0
59.761416125,0,0,0,0,1
59.816910000,0,0,0,0,0
59.816927875,0,0,0,1,0
59.817363542,0,0,0,0,0
59.851240500,0,0,0,1,0
59.851682250,0,0,0,0,0
59.901729292,0,0,0,1,0
59.902165000,0,0,0,0,0
59.952201167,0,0,0,1,0
59.952636875,0,0,0,0,0
60.002683917,0,0,0,1,0
60.003125667,0,0,0,0,0
60.053166667,0,0,0,1,0
60.053608417,0,0,0,0,0
60.103644625,0,0,0,1,0
60.104080292,0,0,0,0,0
60.154116792,0,0,0,1,0
60.154552500,0,0,0,0,0
60.204599667,0,0,1,0,0
60.204716750,0,0,0,0,0
60.204727625,1,0,0,0,0
60.265617625,0,0,0,0,0
60.265628167,0,1,0,0,0
60.265739750,0,0,0,0,0
60.265757625,0,0,0,1,0
60.266193292,0,0,0,0,0
60.266210167,0,0,0,0,1
60.321716375,0,0,0,0,0
60.321734250,0,0,0,1,0
60.322169917,0,0,0,0,0
60.356046542,0,0,0,1,0
60.356488292,0,0,0,0,0
60.406518750,0,0,0,1,0
60.406960500,0,0,0,0,0
60.456996667,0,0,0,1,0
60.457432375,0,0,0,0,0
60.507479417,0,0,0,1,0
60.507921167,0,0,0,0,0
60.557962167,0,0,0,1,0
60.558403917,0,0,0,0,0
60.608440125,0,0,0,1,0
60.608875792,0,0,0,0,0
60.658922875,0,0,0,1,0
60.659358542,0,0,0,0,0
60.709398292,0,0,0,0,1
60.764884375,0,0,0,0,0
60.764895250,1,0,0,0,0
60.786950542,0,0,0,0,0
60.786961125,0,1,0,0,0
60.787075500,0,0,0,0,0
60.787089250,0,0,1,0,0
60.787204750,0,0,0,0,0
60.787222625,0,0,0,1,0
60.787664375,0,0,0,0,0
60.810360500,0,0,0,1,0
60.810796167,0,0,0,0,0
60.860843250,0,0,0,1,0
60.861285000,0,0,0,0,0
60.911326000,0,0,0,1,0
60.911767750,0,0,0,0,0
60.961804250,0,0,0,1,0
60.962239917,0,0,0,0,0
61.012287000,0,0,0,1,0
61.012722667,0,0,0,0,0
61.062758875,0,0,0,1,0
61.063200625,0,0,0,0,0
61.113236792,0,0,0,1,0
61.113672500,0,0,0,0,0
61.163719542,0,0,0,1,0
61.164155250,0,0,0,0,0
61.214199250,0,1,0,0,0
61.214315500,0,0,0,0,0
61.214326375,1,0,0,0,0
61.275216667,0,0,0,0,0
61.275230417,0,0,1,0,0
61.275348750,0,0,0,0,0
61.275366625,0,0,0,1,0
61.275802292,0,0,0,0,0
61.275819167,0,0,0,0,1
61.331301292,0,0,0,0,0
61.331319167,0,0,0,1,0
61.331754875,0,0,0,0,0
61.365642667,0,0,0,1,0
61.366084417,0,0,0,0,0
61.416125417,0,0,0,1,0
61.416567167,0,0,0,0,0
61.466603375,0,0,0,1,0
61.467039042,0,0,0,0,0
61.517086417,0,0,0,1,0
61.517522125,0,0,0,0,0
61.567558292,0,0,0,1,0
61.568000042,0,0,0,0,0
61.618047125,0,0,0,1,0
61.618482792,0,0,0,0,0
61.668519000,0,0,0,1,0
61.668954667,0,0,0,0,0
61.696000000,0,0,0,0,0
